"날짜","종가","시가","고가","저가","거래량","변동 %"
"2022- 12- 29","291.10","294.98","295.94","291.10","114.47M","-2.02%"
"2022- 12- 28","297.09","299.36","299.36","296.59","137.29M","-2.34%"
"2022- 12- 27","304.22","303.77","305.02","302.83","122.97M","0.65%"
"2022- 12- 26","302.27","301.76","302.97","300.66","78.88M","0.07%"
"2022- 12- 23","302.07","303.14","304.42","301.47","94.83M","-1.76%"
"2022- 12- 22","307.48","304.66","307.48","303.96","233.31M","1.40%"
"2022- 12- 21","303.23","305.84","305.99","302.92","76.96M","-0.27%"
"2022- 12- 20","304.05","305.65","306.58","302.96","88.75M","-0.89%"
"2022- 12- 19","306.77","306.33","307.99","305.19","77.96M","-0.23%"
"2022- 12- 16","307.48","303.48","307.48","303.09","114.65M","-0.08%"
"2022- 12- 15","307.73","310.73","311.98","307.73","95.26M","-1.76%"
"2022- 12- 14","313.23","310.87","313.41","310.57","83.85M","1.19%"
"2022- 12- 13","309.56","311.26","311.85","308.54","101.88M","-0.03%"
"2022- 12- 12","309.64","309.38","310.69","308.70","85.71M","-0.64%"
"2022- 12- 09","311.63","309.81","312.06","308.76","113.45M","1.10%"
"2022- 12- 08","308.24","308.78","309.00","306.01","121.10M","-0.01%"
"2022- 12- 07","308.27","309.11","310.25","308.08","92.85M","-0.60%"
"2022- 12- 06","310.14","310.90","313.34","309.70","100.04M","-1.20%"
"2022- 12- 05","313.91","316.26","317.07","312.92","113.97M","-0.35%"
"2022- 12- 02","315.02","320.76","320.76","315.02","114.75M","-2.17%"
"2022- 12- 01","322.02","325.37","325.49","321.44","130.32M","0.32%"
"2022- 11- 30","321.00","314.35","321.01","314.20","189.08M","1.72%"
"2022- 11- 29","315.58","311.79","315.74","311.07","94.42M","1.08%"
"2022- 11- 28","312.21","313.89","313.89","311.28","96.04M","-1.22%"
"2022- 11- 25","316.07","317.28","318.10","315.76","102.91M","-0.39%"
"2022- 11- 24","317.30","316.60","317.33","315.27","99.54M","1.02%"
"2022- 11- 23","314.11","314.84","315.24","312.65","148.27M","0.67%"
"2022- 11- 22","312.02","312.88","315.09","311.69","115.97M","-0.84%"
"2022- 11- 21","314.67","317.22","317.65","312.99","123.42M","-0.77%"
"2022- 11- 18","317.12","317.63","320.70","316.70","136.52M","0.12%"
"2022- 11- 17","316.75","319.98","320.35","316.75","157.36M","-1.62%"
"2022- 11- 16","321.96","322.98","322.98","318.02","177.08M","-0.11%"
"2022- 11- 15","322.31","322.76","323.03","319.96","144.81M","0.24%"
"2022- 11- 14","321.53","323.41","324.73","320.86","267.59M","-0.48%"
"2022- 11- 11","323.09","320.47","323.51","319.97","236.34M","3.84%"
"2022- 11- 10","311.13","312.63","314.91","311.13","149.97M","-1.30%"
"2022- 11- 09","315.23","313.40","316.09","312.54","162.13M","1.03%"
"2022- 11- 08","312.01","310.08","312.57","309.21","142.95M","1.34%"
"2022- 11- 07","307.87","306.08","308.15","305.05","148.87M","1.16%"
"2022- 11- 04","304.33","301.16","304.33","299.46","182.72M","0.89%"
"2022- 11- 03","301.66","298.55","303.80","297.62","179.82M","-0.73%"
"2022- 11- 02","303.87","302.49","305.10","302.02","192.34M","0.00%"
"2022- 11- 01","303.88","300.53","304.01","299.84","272.49M","1.44%"
"2022- 10- 31","299.58","298.61","300.05","296.45","121.05M","1.53%"
"2022- 10- 28","295.06","296.80","298.45","294.65","131.08M","-1.26%"
"2022- 10- 27","298.82","295.85","299.19","295.01","176.20M","1.69%"
"2022- 10- 26","293.85","292.21","295.28","291.40","122.30M","0.78%"
"2022- 10- 25","291.58","291.29","293.75","290.53","116.35M","0.04%"
"2022- 10- 24","291.47","293.60","294.24","290.52","116.18M","1.00%"
"2022- 10- 21","288.57","287.68","290.38","287.44","102.37M","-0.01%"
"2022- 10- 20","288.61","289.33","290.07","286.50","136.90M","-0.92%"
"2022- 10- 19","291.29","293.41","295.34","290.90","110.85M","-0.78%"
"2022- 10- 18","293.59","293.34","293.78","289.77","117.12M","1.39%"
"2022- 10- 17","289.57","285.89","290.04","284.91","111.60M","0.07%"
"2022- 10- 14","289.36","287.59","290.32","286.59","132.07M","2.40%"
"2022- 10- 13","282.57","286.27","286.36","282.57","133.29M","-1.57%"
"2022- 10- 12","287.09","285.23","287.52","284.32","120.86M","0.75%"
"2022- 10- 11","284.96","284.39","284.96","282.04","127.82M","-1.88%"
"2022- 10- 07","290.41","288.35","292.20","287.84","128.16M","-0.29%"
"2022- 10- 06","291.26","291.20","293.32","290.09","93.86M","0.76%"
"2022- 10- 05","289.05","293.87","294.47","287.44","138.91M","0.27%"
"2022- 10- 04","288.27","286.25","288.96","285.42","120.02M","2.46%"
"2022- 09- 30","281.36","281.75","284.35","278.39","143.74M","-0.46%"
"2022- 09- 29","282.65","286.60","287.81","282.56","128.43M","-0.19%"
"2022- 09- 28","283.19","287.66","289.75","280.80","160.84M","-2.42%"
"2022- 09- 27","290.20","290.27","290.75","286.76","152.31M","0.15%"
"2022- 09- 26","289.77","293.65","293.96","289.01","177.69M","-2.68%"
"2022- 09- 23","297.74","301.48","302.09","296.85","114.63M","-1.30%"
"2022- 09- 22","301.65","300.67","302.19","299.30","114.96M","-0.99%"
"2022- 09- 21","304.67","305.09","306.07","303.77","104.49M","-0.93%"
"2022- 09- 20","307.54","308.76","309.98","306.79","96.96M","0.34%"
"2022- 09- 19","306.49","309.58","309.89","305.68","101.19M","-0.71%"
"2022- 09- 16","308.69","308.58","309.54","307.03","135.94M","-0.62%"
"2022- 09- 15","310.63","313.15","313.84","310.63","111.22M","-0.67%"
"2022- 09- 14","312.74","310.08","313.94","309.06","118.21M","-1.83%"
"2022- 09- 13","318.56","313.93","319.37","313.93","150.59M","3.05%"
"2022- 09- 08","309.12","310.23","310.51","308.26","149.12M","0.31%"
"2022- 09- 07","308.16","310.86","311.10","306.69","146.29M","-1.55%"
"2022- 09- 06","313.01","313.36","314.97","311.69","91.54M","0.17%"
"2022- 09- 05","312.47","313.09","315.22","310.91","112.44M","-0.14%"
"2022- 09- 02","312.92","316.46","316.74","312.18","133.78M","-0.67%"
"2022- 09- 01","315.02","318.74","318.76","315.02","183.42M","-2.46%"
"2022- 08- 31","322.96","316.96","323.37","316.26","228.42M","1.09%"
"2022- 08- 30","319.49","317.97","320.00","316.94","133.48M","0.99%"
"2022- 08- 29","316.35","317.45","317.47","315.48","203.73M","-2.33%"
"2022- 08- 26","323.91","325.36","326.59","323.30","188.82M","0.09%"
"2022- 08- 25","323.63","321.58","323.63","320.81","130.66M","1.18%"
"2022- 08- 24","319.86","320.15","320.99","318.16","156.50M","0.37%"
"2022- 08- 23","318.69","320.85","321.50","318.26","118.04M","-1.26%"
"2022- 08- 22","322.77","323.29","324.42","321.83","93.52M","-1.23%"
"2022- 08- 19","326.79","329.06","329.08","326.34","125.26M","-0.61%"
"2022- 08- 18","328.80","327.47","329.94","326.06","101.50M","-0.34%"
"2022- 08- 17","329.91","332.11","333.24","329.30","105.79M","-0.56%"
"2022- 08- 16","331.78","332.68","333.47","331.08","131.43M","0.34%"
"2022- 08- 12","330.67","329.23","331.12","329.07","138.07M","0.23%"
"2022- 08- 11","329.92","328.20","329.92","327.74","140.04M","1.72%"
"2022- 08- 10","324.35","326.30","326.43","323.86","134.97M","-1.15%"
"2022- 08- 09","328.11","327.21","328.62","325.28","121.62M","0.27%"
"2022- 08- 08","327.23","326.05","327.45","325.21","113.67M","-0.08%"
"2022- 08- 05","327.50","326.71","328.47","326.36","119.89M","0.62%"
"2022- 08- 04","325.47","326.11","326.40","324.38","110.17M","0.52%"
"2022- 08- 03","323.80","321.48","323.80","320.25","93.90M","0.67%"
"2022- 08- 02","321.64","322.64","322.85","320.21","113.13M","-0.41%"
"2022- 08- 01","322.97","322.14","324.31","320.86","111.15M","-0.11%"
"2022- 07- 29","323.31","324.38","325.83","321.95","163.69M","0.53%"
"2022- 07- 28","321.62","322.89","323.73","320.76","131.10M","0.59%"
"2022- 07- 27","319.74","319.83","320.04","317.30","88.69M","0.04%"
"2022- 07- 26","319.61","317.39","319.91","317.03","87.53M","0.40%"
"2022- 07- 25","318.34","316.40","320.07","316.20","94.02M","0.32%"
"2022- 07- 22","317.33","319.12","320.94","317.00","120.59M","-0.74%"
"2022- 07- 21","319.68","316.22","320.14","316.22","91.22M","1.16%"
"2022- 07- 20","316.02","319.15","319.68","315.48","113.81M","0.68%"
"2022- 07- 19","313.90","313.38","314.06","311.81","95.26M","-0.31%"
"2022- 07- 18","314.87","311.06","315.17","310.60","113.85M","2.26%"
"2022- 07- 15","307.91","307.45","308.14","302.10","125.25M","0.84%"
"2022- 07- 14","305.35","304.70","307.93","303.65","115.97M","-0.40%"
"2022- 07- 13","306.59","306.24","308.62","304.99","110.89M","0.51%"
"2022- 07- 12","305.03","306.94","307.56","303.32","107.07M","-1.06%"
"2022- 07- 11","308.29","311.05","311.86","307.97","94.92M","-0.60%"
"2022- 07- 08","310.15","310.73","313.01","310.02","108.52M","0.60%"
"2022- 07- 07","308.31","304.30","310.07","304.20","126.31M","1.99%"
"2022- 07- 06","302.28","307.14","307.90","302.06","156.26M","-2.18%"
"2022- 07- 05","309.03","307.15","309.99","305.35","110.06M","1.65%"
"2022- 07- 04","304.01","304.46","305.82","300.82","128.36M","0.00%"
"2022- 07- 01","304.02","308.72","310.55","301.95","136.34M","-1.04%"
"2022- 06- 30","307.20","311.20","311.63","307.20","143.73M","-1.81%"
"2022- 06- 29","312.86","314.33","315.16","312.52","132.70M","-1.96%"
"2022- 06- 28","319.11","316.65","319.11","315.19","117.27M","0.92%"
"2022- 06- 27","316.20","314.31","319.08","311.85","136.48M","1.32%"
"2022- 06- 24","312.07","307.47","313.42","306.27","137.83M","2.17%"
"2022- 06- 23","305.45","308.81","310.94","304.13","197.73M","-0.85%"
"2022- 06- 22","308.08","317.47","317.63","308.08","161.70M","-2.62%"
"2022- 06- 21","316.38","315.95","318.74","313.66","120.06M","0.62%"
"2022- 06- 20","314.44","321.46","321.62","311.71","151.13M","-1.77%"
"2022- 06- 17","320.09","316.36","320.71","314.79","197.27M","-0.67%"
"2022- 06- 16","322.25","326.72","328.84","321.54","138.75M","0.01%"
"2022- 06- 15","322.21","327.70","328.30","320.29","159.36M","-1.83%"
"2022- 06- 14","328.23","325.68","329.27","323.36","174.25M","-0.50%"
"2022- 06- 13","329.88","335.76","335.97","329.88","163.80M","-3.51%"
"2022- 06- 10","341.89","342.32","343.25","340.66","136.21M","-1.36%"
"2022- 06- 09","346.62","345.35","346.82","343.69","191.39M","0.12%"
"2022- 06- 08","346.22","346.46","348.11","345.56","123.30M","0.16%"
"2022- 06- 07","345.67","350.04","350.53","345.02","135.31M","-1.80%"
"2022- 06- 03","352.01","353.47","353.93","351.10","134.65M","0.43%"
"2022- 06- 02","350.51","352.29","352.81","349.55","196.09M","-1.14%"
"2022- 05- 31","354.54","351.79","354.72","350.01","266.68M","0.58%"
"2022- 05- 30","352.49","351.53","352.85","350.07","151.01M","1.28%"
"2022- 05- 27","348.04","348.42","349.11","347.15","133.07M","1.10%"
"2022- 05- 26","344.26","345.54","349.03","342.65","126.45M","-0.39%"
"2022- 05- 25","345.60","346.34","347.60","343.51","125.14M","0.44%"
"2022- 05- 24","344.08","349.02","349.79","344.08","151.00M","-1.79%"
"2022- 05- 23","350.34","351.16","351.41","348.48","183.16M","0.30%"
"2022- 05- 20","349.29","345.15","349.68","344.89","133.21M","1.76%"
"2022- 05- 19","343.24","341.07","344.10","340.55","196.53M","-1.46%"
"2022- 05- 18","348.34","349.62","351.20","347.15","166.29M","0.23%"
"2022- 05- 17","347.53","345.14","347.91","345.13","171.09M","1.04%"
"2022- 05- 16","343.94","348.13","348.88","343.52","231.88M","-0.45%"
"2022- 05- 13","345.50","340.49","345.82","339.72","187.36M","2.24%"
"2022- 05- 12","337.94","340.14","343.03","337.65","262.82M","-1.60%"
"2022- 05- 11","343.44","342.22","344.45","341.22","184.52M","-0.07%"
"2022- 05- 10","343.67","343.22","344.73","338.46","249.37M","-0.50%"
"2022- 05- 09","345.41","347.71","349.40","344.84","256.54M","-1.03%"
"2022- 05- 06","349.00","350.26","350.26","347.98","622.95M","-1.37%"
"2022- 05- 04","353.85","354.85","356.05","352.27","279.18M","0.15%"
"2022- 05- 03","353.32","354.28","356.45","353.12","132.70M","-0.20%"
"2022- 05- 02","354.02","351.31","354.53","350.94","131.47M","-0.30%"
"2022- 04- 29","355.08","350.43","355.34","349.73","182.27M","1.41%"
"2022- 04- 28","350.16","348.61","350.16","346.02","164.68M","1.14%"
"2022- 04- 27","346.21","346.42","346.78","343.76","146.76M","-1.27%"
"2022- 04- 26","350.67","351.33","352.20","350.38","122.92M","0.48%"
"2022- 04- 25","348.98","351.36","352.26","348.91","139.46M","-1.81%"
"2022- 04- 22","355.43","355.54","356.08","353.64","214.76M","-1.00%"
"2022- 04- 21","359.02","358.33","360.74","358.24","148.56M","0.42%"
"2022- 04- 20","357.52","357.14","358.28","354.93","148.87M","0.04%"
"2022- 04- 19","357.36","355.77","358.53","355.29","130.22M","1.05%"
"2022- 04- 18","353.63","352.19","354.87","351.46","111.00M","-0.06%"
"2022- 04- 15","353.84","354.35","355.10","352.63","142.64M","-0.99%"
"2022- 04- 14","357.38","359.23","359.29","356.17","159.16M","-0.45%"
"2022- 04- 13","359.00","353.83","359.43","353.30","177.43M","1.90%"
"2022- 04- 12","352.32","353.51","354.83","351.37","129.72M","-0.97%"
"2022- 04- 11","355.78","354.47","357.73","353.78","131.52M","-0.06%"
"2022- 04- 08","356.01","356.86","357.62","354.27","166.11M","0.08%"
"2022- 04- 07","355.73","358.43","358.92","355.37","193.94M","-1.46%"
"2022- 04- 06","361.01","362.04","362.96","360.52","176.51M","-1.02%"
"2022- 04- 05","364.74","366.08","366.67","363.67","244.23M","-0.05%"
"2022- 04- 04","364.94","361.85","365.08","360.69","171.55M","0.48%"
"2022- 04- 01","363.19","363.97","364.10","361.54","446.85M","-0.66%"
"2022- 03- 31","365.61","364.10","367.01","363.94","388.61M","0.30%"
"2022- 03- 30","364.50","366.15","366.76","363.68","139.98K","0.20%"
"2022- 03- 29","363.77","364.18","365.56","362.27","132.70M","0.47%"
"2022- 03- 28","362.06","360.63","363.25","358.70","136.54M","0.00%"
"2022- 03- 25","362.06","364.76","364.92","361.34","119.07M","-0.36%"
"2022- 03- 24","363.38","361.83","363.50","360.40","149.35M","-0.40%"
"2022- 03- 23","364.84","364.06","366.40","362.89","137.43M","0.88%"
"2022- 03- 22","361.66","358.76","362.11","358.61","120.70M","0.81%"
"2022- 03- 21","358.77","363.81","363.86","358.41","117.14M","-0.98%"
"2022- 03- 18","362.33","361.16","362.78","359.60","155.32M","0.24%"
"2022- 03- 17","361.46","362.39","364.18","361.36","172.54M","1.51%"
"2022- 03- 16","356.09","354.88","356.29","351.97","125.09M","1.44%"
"2022- 03- 15","351.03","352.34","353.90","350.38","149.11M","-1.01%"
"2022- 03- 14","354.61","354.72","356.48","352.82","163.91M","-0.20%"
"2022- 03- 11","355.31","355.95","356.85","353.26","182.55M","-0.75%"
"2022- 03- 10","358.01","354.33","358.27","354.33","212.65M","2.47%"
"2022- 03- 08","349.38","348.12","352.82","346.85","185.90M","-1.03%"
"2022- 03- 07","353.03","356.59","356.59","351.91","193.16M","-2.39%"
"2022- 03- 04","361.69","365.35","365.54","360.19","237.19M","-1.46%"
"2022- 03- 03","367.06","364.37","367.40","363.99","167.18M","1.79%"
"2022- 03- 02","360.59","361.52","362.81","359.89","170.94M","-0.26%"
"2022- 02- 28","361.54","356.59","361.54","355.77","237.32M","0.86%"
"2022- 02- 25","358.44","358.79","360.85","357.02","154.97M","0.96%"
"2022- 02- 24","355.04","360.05","360.77","354.01","167.28M","-2.58%"
"2022- 02- 23","364.44","366.25","366.58","362.39","139.93M","0.26%"
"2022- 02- 22","363.51","362.93","364.81","360.74","162.88M","-1.30%"
"2022- 02- 21","368.29","362.83","368.75","361.14","109.54M","-0.07%"
"2022- 02- 18","368.55","365.57","369.32","364.69","137.05M","-0.27%"
"2022- 02- 17","369.55","368.11","373.03","365.48","209.73M","0.61%"
"2022- 02- 16","367.30","365.96","367.66","364.64","108.44M","1.91%"
"2022- 02- 15","360.43","364.44","364.79","358.75","140.83M","-0.70%"
"2022- 02- 14","362.98","364.36","365.97","360.46","146.97M","-1.53%"
"2022- 02- 11","368.61","367.54","371.35","366.90","161.47M","-0.80%"
"2022- 02- 10","371.57","371.84","372.86","369.30","180.49M","0.79%"
"2022- 02- 09","368.65","367.02","368.65","365.79","117.91M","1.42%"
"2022- 02- 08","363.48","365.91","367.32","360.78","133.11M","0.15%"
"2022- 02- 07","362.92","365.40","365.40","359.59","135.53M","-0.93%"
"2022- 02- 04","366.34","363.10","366.79","361.84","109.79M","1.31%"
"2022- 02- 03","361.60","364.07","366.13","361.60","125.48M","1.01%"
"2022- 01- 28","357.98","350.29","358.84","347.28","146.98M","2.70%"
"2022- 01- 27","348.58","360.83","363.11","348.55","158.32M","-3.39%"
"2022- 01- 26","360.83","363.72","365.31","360.47","109.34M","-0.43%"
"2022- 01- 25","362.39","370.30","370.73","359.85","142.18M","-2.40%"
"2022- 01- 24","371.30","374.64","375.45","369.63","112.64M","-1.27%"
"2022- 01- 21","376.08","376.74","377.69","373.35","134.24M","-1.13%"
"2022- 01- 20","380.39","377.97","380.45","376.49","114.10M","0.58%"
"2022- 01- 19","378.21","377.75","381.91","376.74","126.17M","-0.73%"
"2022- 01- 18","381.01","385.07","385.63","379.79","127.94M","-0.73%"
"2022- 01- 17","383.81","387.00","387.33","381.56","135.82M","-0.94%"
"2022- 01- 14","387.45","389.66","390.81","386.25","146.05M","-1.41%"
"2022- 01- 13","393.00","395.68","395.93","392.52","151.71M","-0.42%"
"2022- 01- 12","394.66","392.29","394.87","391.96","210.10M","1.46%"
"2022- 01- 11","388.97","388.32","390.43","386.26","133.43M","0.37%"
"2022- 01- 10","387.52","389.68","390.24","384.79","139.10M","-0.85%"
"2022- 01- 07","390.85","388.30","391.75","388.06","114.28M","1.20%"
"2022- 01- 06","386.22","386.59","390.51","385.30","152.39M","-1.07%"
"2022- 01- 05","390.39","394.91","395.20","387.56","175.49M","-1.27%"
"2022- 01- 04","395.40","396.01","396.71","393.35","117.16M","-0.03%"
"2022- 01- 03","395.51","397.16","399.44","394.26","97.58M","0.33%"
"2021- 12- 30","394.19","397.13","398.59","393.89","103.89M","-0.64%"
"2021- 12- 29","396.72","398.74","399.16","395.85","169.05M","-1.12%"
"2021- 12- 28","401.21","399.56","401.21","397.24","169.71M","0.65%"
"2021- 12- 27","398.61","400.61","401.07","398.31","103.64M","-0.48%"
"2021- 12- 24","400.53","399.72","402.46","399.66","102.50M","0.60%"
"2021- 12- 23","398.15","397.98","398.36","395.71","105.28M","0.53%"
"2021- 12- 22","396.07","396.82","398.06","394.77","100.31M","0.54%"
"2021- 12- 21","393.95","394.35","395.28","391.19","106.00M","0.66%"
"2021- 12- 20","391.37","396.42","396.61","390.92","97.27M","-1.90%"
"2021- 12- 17","398.96","394.46","399.02","394.26","134.70M","0.32%"
"2021- 12- 16","397.68","398.93","399.68","395.19","94.13M","0.51%"
"2021- 12- 15","395.66","393.99","395.76","392.85","88.94M","0.06%"
"2021- 12- 14","395.41","394.54","397.02","393.50","116.50M","-0.47%"
"2021- 12- 13","397.27","399.38","403.37","396.83","113.33M","-0.18%"
"2021- 12- 10","397.97","398.21","399.12","396.58","92.72M","-0.79%"
"2021- 12- 09","401.13","398.19","401.13","396.93","159.05M","0.97%"
"2021- 12- 08","397.27","399.89","402.34","396.32","140.13M","0.24%"
"2021- 12- 07","396.31","392.88","396.46","391.29","157.04M","0.88%"
"2021- 12- 06","392.85","389.95","394.40","387.58","124.90M","0.23%"
"2021- 12- 03","391.96","388.21","393.30","386.42","127.84M","0.60%"
"2021- 12- 02","389.64","379.76","389.64","379.59","150.99M","1.70%"
"2021- 12- 01","383.13","376.45","384.05","373.61","167.60M","2.65%"
"2021- 11- 30","373.24","385.01","386.34","370.86","258.52M","-2.20%"
"2021- 11- 29","381.63","381.25","384.97","379.27","178.59M","-0.89%"
"2021- 11- 26","385.07","390.61","392.81","384.19","145.77M","-1.75%"
"2021- 11- 25","391.93","395.67","395.73","391.69","117.21M","-0.88%"
"2021- 11- 24","395.40","397.88","399.38","393.27","128.29M","-0.26%"
"2021- 11- 23","396.44","399.43","399.52","395.58","124.51M","-0.66%"
"2021- 11- 22","399.07","393.16","399.88","392.75","144.70M","2.19%"
"2021- 11- 19","390.53","387.97","391.24","387.31","130.76M","0.80%"
"2021- 11- 18","387.44","388.86","390.00","386.31","130.47M","-0.51%"
"2021- 11- 17","389.44","394.88","395.25","388.70","146.33M","-1.17%"
"2021- 11- 16","394.07","393.94","396.49","392.62","134.39M","-0.07%"
"2021- 11- 15","394.36","393.36","395.56","392.16","174.94M","1.02%"
"2021- 11- 12","390.38","389.13","391.77","387.46","166.34M","1.14%"
"2021- 11- 11","385.97","383.84","386.03","382.57","212.91M","-0.07%"
"2021- 11- 10","386.24","388.37","390.36","385.57","117.56M","-1.06%"
"2021- 11- 09","390.36","389.17","393.13","388.25","127.59M","0.20%"
"2021- 11- 08","389.59","390.10","390.71","385.50","126.07M","-0.07%"
"2021- 11- 05","389.86","394.65","394.81","387.66","139.11M","-0.43%"
"2021- 11- 04","391.54","393.16","395.15","390.75","185.41M","0.53%"
"2021- 11- 03","389.48","395.73","395.85","388.52","137.22M","-1.35%"
"2021- 11- 02","394.82","392.18","398.10","392.18","126.75M","1.29%"
"2021- 11- 01","389.81","390.34","391.65","389.14","121.44M","0.34%"
"2021- 10- 29","388.47","396.08","396.92","387.82","146.47M","-1.38%"
"2021- 10- 28","393.89","394.87","397.79","393.89","180.65M","-0.40%"
"2021- 10- 27","395.48","398.31","398.82","394.41","193.85M","-0.90%"
"2021- 10- 26","399.07","397.75","399.67","396.28","135.40M","1.03%"
"2021- 10- 25","395.01","392.45","395.99","390.02","152.06M","0.42%"
"2021- 10- 22","393.34","392.82","394.91","391.54","108.30M","0.04%"
"2021- 10- 21","393.18","393.56","395.51","392.38","136.38M","-0.14%"
"2021- 10- 20","393.74","397.48","398.09","393.60","129.25M","-0.42%"
"2021- 10- 19","395.41","394.26","395.92","393.27","113.85M","0.86%"
"2021- 10- 18","392.02","393.39","394.16","389.74","126.68M","-0.30%"
"2021- 10- 15","393.19","392.94","394.58","391.36","170.78M","0.92%"
"2021- 10- 14","389.59","387.39","389.63","386.48","170.13M","1.43%"
"2021- 10- 13","384.10","380.12","385.72","379.31","154.27M","0.90%"
"2021- 10- 12","380.69","386.27","386.60","379.08","158.57M","-1.74%"
"2021- 10- 08","387.42","390.42","390.70","386.54","150.22M","-0.19%"
"2021- 10- 07","388.14","385.87","388.78","384.59","173.71M","1.63%"
"2021- 10- 06","381.93","391.01","392.37","381.93","229.53M","-1.57%"
"2021- 10- 05","388.01","391.95","392.02","384.92","202.46M","-1.72%"
"2021- 10- 01","394.79","399.53","400.52","394.14","155.62M","-1.62%"
"2021- 09- 30","401.30","399.41","402.90","397.98","182.82M","0.30%"
"2021- 09- 29","400.09","400.44","402.28","396.78","180.58M","-1.50%"
"2021- 09- 28","406.20","410.74","411.10","405.79","175.59M","-1.16%"
"2021- 09- 27","410.97","409.28","412.72","408.97","153.14M","0.28%"
"2021- 09- 24","409.84","412.01","412.80","409.09","153.82M","-0.15%"
"2021- 09- 23","410.46","409.04","410.92","407.39","164.54M","-0.13%"
"2021- 09- 17","410.99","408.90","411.36","407.07","165.79M","0.43%"
"2021- 09- 16","409.22","414.22","414.68","408.79","166.06M","-0.88%"
"2021- 09- 15","412.85","412.05","414.61","410.75","193.19M","0.12%"
"2021- 09- 14","412.36","411.06","414.85","410.98","179.78M","0.65%"
"2021- 09- 13","409.70","407.33","410.87","406.43","152.91M","0.24%"
"2021- 09- 10","408.70","407.99","409.78","405.99","145.03M","0.35%"
"2021- 09- 09","407.28","411.98","413.64","406.68","189.64M","-1.75%"
"2021- 09- 08","414.54","416.35","417.62","413.34","182.49M","-0.78%"
"2021- 09- 07","417.80","419.85","419.88","416.28","134.46M","-0.61%"
"2021- 09- 06","420.37","418.99","420.74","417.85","151.55M","0.27%"
"2021- 09- 03","419.22","417.67","419.78","416.40","147.69M","0.80%"
"2021- 09- 02","415.89","419.19","420.20","414.99","146.86M","-0.96%"
"2021- 09- 01","419.92","419.17","421.31","417.16","151.58M","0.03%"
"2021- 08- 31","419.79","411.69","419.90","409.67","170.99M","2.01%"
"2021- 08- 30","411.50","414.15","414.85","410.04","145.64M","0.31%"
"2021- 08- 27","410.24","408.63","411.79","406.81","132.45M","-0.03%"
"2021- 08- 26","410.38","414.49","415.74","409.79","174.28M","-0.86%"
"2021- 08- 25","413.95","414.01","416.03","410.63","176.20M","0.36%"
"2021- 08- 24","412.48","408.47","412.94","408.26","165.65M","1.95%"
"2021- 08- 23","404.58","404.32","407.82","401.63","166.04M","0.95%"
"2021- 08- 20","400.78","406.64","408.35","399.18","197.11M","-1.03%"
"2021- 08- 19","404.96","410.84","412.93","404.91","192.94M","-2.03%"
"2021- 08- 18","413.36","410.92","415.38","408.46","184.48M","0.50%"
"2021- 08- 17","411.31","415.50","417.23","410.31","207.92M","-1.14%"
"2021- 08- 13","416.06","421.38","422.04","413.64","221.07M","-1.50%"
"2021- 08- 12","422.38","423.17","425.53","421.42","251.30M","-0.56%"
"2021- 08- 11","424.74","427.16","428.88","424.30","170.67M","-0.89%"
"2021- 08- 10","428.56","433.01","433.11","427.28","174.09M","-0.72%"
"2021- 08- 09","431.65","431.57","433.16","430.05","140.99M","-0.38%"
"2021- 08- 06","433.29","434.85","436.61","432.27","143.72M","-0.33%"
"2021- 08- 05","434.74","436.46","437.85","434.24","267.97M","-0.30%"
"2021- 08- 04","436.05","431.60","436.71","430.16","166.74M","1.41%"
"2021- 08- 03","429.98","426.65","429.98","426.42","151.06M","0.75%"
"2021- 08- 02","426.79","426.29","426.85","422.86","117.34M","0.68%"
"2021- 07- 30","423.91","428.12","428.21","423.91","143.58M","-1.30%"
"2021- 07- 29","429.49","430.58","431.19","428.18","112.36M","0.08%"
"2021- 07- 28","429.15","427.30","429.71","425.34","132.99M","0.22%"
"2021- 07- 27","428.22","430.14","431.15","427.89","142.52M","0.18%"
"2021- 07- 26","427.47","433.14","433.28","427.46","146.23M","-0.95%"
"2021- 07- 23","431.55","431.75","433.23","430.27","173.07M","0.04%"
"2021- 07- 22","431.38","428.75","431.93","428.65","182.08M","1.26%"
"2021- 07- 21","426.00","430.99","431.29","425.82","212.12M","-0.60%"
"2021- 07- 20","428.55","427.14","428.78","425.99","163.96M","-0.31%"
"2021- 07- 19","429.89","432.25","432.25","428.94","152.02M","-1.13%"
"2021- 07- 16","434.82","436.24","436.24","432.85","149.48M","-0.44%"
"2021- 07- 15","436.76","434.24","436.85","433.12","152.54M","0.74%"
"2021- 07- 14","433.57","434.47","434.57","431.75","147.02M","-0.26%"
"2021- 07- 13","434.71","432.39","435.21","432.36","148.61M","0.80%"
"2021- 07- 12","431.28","429.33","432.02","429.30","134.96M","0.80%"
"2021- 07- 09","427.84","431.64","431.65","424.26","238.82M","-1.11%"
"2021- 07- 08","432.63","437.20","438.56","432.60","216.93M","-0.99%"
"2021- 07- 07","436.97","439.29","439.29","435.78","178.32M","-0.58%"
"2021- 07- 06","439.50","437.96","440.68","437.96","194.16M","0.42%"
"2021- 07- 05","437.66","436.53","438.92","436.53","180.18M","0.38%"
"2021- 07- 02","436.00","436.31","438.07","435.54","197.30M","-0.08%"
"2021- 07- 01","436.34","439.01","439.26","435.80","172.56M","-0.57%"
"2021- 06- 30","438.84","437.76","440.40","437.70","167.36M","0.30%"
"2021- 06- 29","437.54","440.48","440.60","436.17","231.75M","-0.55%"
"2021- 06- 28","439.98","440.78","441.54","438.55","237.76M","-0.10%"
"2021- 06- 25","440.40","438.76","442.31","438.75","367.17M","0.46%"
"2021- 06- 24","438.38","437.54","439.37","436.96","299.67M","0.38%"
"2021- 06- 23","436.73","434.65","437.37","434.62","372.08M","0.53%"
"2021- 06- 22","434.42","432.10","435.05","432.10","483.82M","0.69%"
"2021- 06- 21","431.46","434.57","434.57","429.52","242.43M","-0.82%"
"2021- 06- 18","435.02","434.82","436.69","434.39","230.15M","0.07%"
"2021- 06- 17","434.73","436.61","436.63","432.78","200.55M","-0.51%"
"2021- 06- 16","436.96","434.19","437.47","433.88","306.89M","0.65%"
"2021- 06- 15","434.13","433.41","434.99","432.48","336.10M","0.21%"
"2021- 06- 14","433.22","432.70","433.59","431.28","236.26M","0.10%"
"2021- 06- 11","432.78","429.61","433.42","429.61","328.90M","0.80%"
"2021- 06- 10","429.35","428.23","430.87","427.50","267.08M","0.28%"
"2021- 06- 09","428.16","432.35","432.53","428.16","248.52M","-1.09%"
"2021- 06- 08","432.88","433.21","435.02","431.71","323.68M","-0.09%"
"2021- 06- 07","433.26","432.82","435.77","430.76","337.93M","0.24%"
"2021- 06- 04","432.22","433.70","433.70","429.33","290.32M","-0.38%"
"2021- 06- 03","433.87","430.20","435.60","430.20","219.81M","0.86%"
"2021- 06- 02","430.15","430.60","433.06","429.14","292.52M","-0.04%"
"2021- 06- 01","430.32","428.08","432.18","426.94","225.69M","0.56%"
"2021- 05- 31","427.91","426.31","428.18","424.29","230.91M","0.46%"
"2021- 05- 28","425.95","423.88","427.51","423.58","203.18M","0.70%"
"2021- 05- 27","423.00","423.92","424.38","419.78","311.20M","-0.13%"
"2021- 05- 26","423.54","424.46","426.05","422.55","199.31M","-0.19%"
"2021- 05- 25","424.35","421.91","424.83","421.20","176.02M","0.90%"
"2021- 05- 24","420.57","421.92","423.09","419.38","177.69M","-0.36%"
"2021- 05- 21","422.08","423.12","427.75","420.70","196.32M","0.09%"
"2021- 05- 20","421.68","423.38","423.38","419.07","181.88M","-0.33%"
"2021- 05- 18","423.09","418.28","423.93","418.28","174.86M","1.15%"
"2021- 05- 17","418.27","421.97","423.19","416.08","207.00M","-0.45%"
"2021- 05- 14","420.17","417.50","421.75","417.50","199.29M","0.99%"
"2021- 05- 13","416.07","419.60","421.07","414.28","379.12M","-1.37%"
"2021- 05- 12","421.86","428.74","428.96","419.11","295.19M","-1.61%"
"2021- 05- 11","428.77","434.14","434.14","427.21","301.80M","-1.57%"
"2021- 05- 10","435.63","429.04","436.73","429.04","255.44M","1.65%"
"2021- 05- 07","428.56","426.51","429.94","426.00","229.12M","0.45%"
"2021- 05- 06","426.64","423.62","426.64","421.25","313.80M","0.72%"
"2021- 05- 04","423.57","420.99","423.57","418.53","208.97M","0.76%"
"2021- 05- 03","420.36","422.54","426.30","419.30","234.40M","-0.47%"
"2021- 04- 30","422.36","426.61","426.83","421.73","255.79M","-0.92%"
"2021- 04- 29","426.28","428.07","430.14","424.83","231.94M","-0.28%"
"2021- 04- 28","427.48","432.20","432.82","426.88","261.38M","-1.08%"
"2021- 04- 27","432.14","432.46","433.43","430.36","216.23M","-0.05%"
"2021- 04- 26","432.36","428.89","432.36","428.68","244.08M","0.94%"
"2021- 04- 23","428.34","426.68","428.87","422.92","215.68M","0.23%"
"2021- 04- 22","427.37","427.06","430.44","427.06","202.88M","0.15%"
"2021- 04- 21","426.75","433.40","433.47","425.93","187.76M","-1.81%"
"2021- 04- 20","434.60","431.90","434.70","431.38","185.75M","0.61%"
"2021- 04- 19","431.96","432.74","434.28","431.16","172.93M","-0.11%"
"2021- 04- 16","432.43","432.43","434.57","430.98","188.08M","-0.05%"
"2021- 04- 15","432.66","430.41","434.40","430.39","189.53M","0.45%"
"2021- 04- 14","430.71","429.14","431.65","428.04","154.42M","0.38%"
"2021- 04- 13","429.08","424.40","429.84","423.89","162.00M","1.15%"
"2021- 04- 12","424.22","424.73","426.62","423.10","134.97M","-0.02%"
"2021- 04- 09","424.30","427.26","428.65","423.33","166.99M","-0.60%"
"2021- 04- 08","426.86","426.73","427.32","424.36","221.93M","0.04%"
"2021- 04- 07","426.70","426.22","428.38","424.96","176.73M","0.19%"
"2021- 04- 06","425.88","425.18","427.68","423.35","162.96M","0.24%"
"2021- 04- 05","424.85","425.15","426.31","422.16","157.71M","0.26%"
"2021- 04- 02","423.74","422.19","425.13","422.02","163.07M","1.03%"
"2021- 04- 01","419.42","416.99","419.78","416.51","184.61M","1.06%"
"2021- 03- 31","415.04","417.12","420.18","415.04","225.86M","-0.38%"
"2021- 03- 30","416.61","412.32","417.44","412.32","207.51M","1.11%"
"2021- 03- 29","412.05","413.90","414.72","410.45","312.52M","-0.20%"
"2021- 03- 26","412.89","409.16","413.04","409.13","305.21M","1.07%"
"2021- 03- 25","408.53","407.03","411.27","405.59","180.93M","0.35%"
"2021- 03- 24","407.10","407.32","408.76","404.03","193.07M","-0.39%"
"2021- 03- 23","408.71","412.89","416.15","408.40","234.50M","-0.95%"
"2021- 03- 22","412.64","412.92","414.48","410.27","270.01M","-0.07%"
"2021- 03- 19","412.91","416.70","416.71","410.59","189.02M","-1.00%"
"2021- 03- 18","417.06","414.97","420.86","414.97","164.06M","0.74%"
"2021- 03- 17","414.01","417.35","417.67","411.32","132.77M","-0.79%"
"2021- 03- 16","417.31","414.82","418.06","414.11","155.16M","0.76%"
"2021- 03- 15","414.18","416.58","417.69","413.61","161.31M","-0.47%"
"2021- 03- 12","416.13","413.67","417.76","413.67","184.66M","1.24%"
"2021- 03- 11","411.02","404.36","413.24","404.36","231.92M","1.87%"
"2021- 03- 10","403.48","406.37","411.22","402.37","172.53M","-0.57%"
"2021- 03- 09","405.79","407.33","408.83","399.37","313.26M","-0.62%"
"2021- 03- 08","408.34","412.86","416.37","407.60","216.89M","-0.89%"
"2021- 03- 05","412.00","413.32","413.78","405.93","293.66M","-0.52%"
"2021- 03- 04","414.17","419.34","419.34","411.28","214.04M","-1.45%"
"2021- 03- 03","420.27","414.45","420.27","412.40","198.31M","1.32%"
"2021- 03- 02","414.80","411.00","422.41","411.00","229.89M","1.19%"
"2021- 02- 26","409.91","421.19","421.19","406.59","297.50M","-2.98%"
"2021- 02- 25","422.52","412.05","422.56","412.05","200.31M","3.77%"
"2021- 02- 24","407.16","415.78","420.05","406.86","252.63M","-2.08%"
"2021- 02- 23","415.82","415.07","419.58","410.84","228.35M","-0.25%"
"2021- 02- 22","416.88","421.96","425.90","416.80","272.97M","-0.96%"
"2021- 02- 19","420.94","417.98","421.36","411.58","246.86M","0.84%"
"2021- 02- 18","417.44","423.92","425.38","417.44","181.37M","-1.59%"
"2021- 02- 17","424.20","429.20","429.24","421.77","230.41M","-1.17%"
"2021- 02- 16","429.24","427.80","432.25","426.73","176.07M","0.52%"
"2021- 02- 15","427.01","420.85","428.64","420.60","191.24M","1.75%"
"2021- 02- 10","419.65","418.40","421.48","414.77","184.76M","0.42%"
"2021- 02- 09","417.91","420.71","424.94","417.87","201.53M","-0.25%"
"2021- 02- 08","418.95","422.30","424.62","418.37","229.54M","-1.03%"
"2021- 02- 05","423.30","419.84","424.20","417.85","221.56M","1.19%"
"2021- 02- 04","418.31","425.92","426.23","415.58","263.57M","-1.62%"
"2021- 02- 03","425.21","422.69","427.51","419.75","248.28M","0.99%"
"2021- 02- 02","421.03","416.77","427.63","416.77","219.04M","1.34%"
"2021- 02- 01","415.45","404.71","415.53","400.59","235.01M","2.69%"
"2021- 01- 29","404.56","417.92","421.05","402.94","305.30M","-2.84%"
"2021- 01- 28","416.40","422.92","422.92","413.34","242.94M","-1.72%"
"2021- 01- 27","423.67","427.11","432.62","423.23","205.61M","-0.72%"
"2021- 01- 26","426.73","436.27","437.19","425.64","236.60M","-2.42%"
"2021- 01- 25","437.30","427.64","437.96","427.17","231.21M","2.38%"
"2021- 01- 22","427.13","430.73","433.84","427.13","269.26M","-0.73%"
"2021- 01- 21","430.27","425.29","431.05","424.64","302.48M","1.48%"
"2021- 01- 20","424.01","425.17","429.39","419.27","259.50M","0.63%"
"2021- 01- 19","421.35","410.21","423.82","409.67","259.93M","2.64%"
"2021- 01- 18","410.50","419.70","419.70","408.69","289.24M","-2.36%"
"2021- 01- 15","420.43","430.37","436.35","420.33","279.52M","-2.19%"
"2021- 01- 14","429.85","430.43","431.54","427.13","284.70M","-0.12%"
"2021- 01- 13","430.38","427.98","433.27","424.97","303.67M","0.59%"
"2021- 01- 12","427.87","430.80","432.04","416.29","362.36M","-0.76%"
"2021- 01- 11","431.13","431.69","449.04","424.16","545.78M","0.21%"
"2021- 01- 08","430.22","412.06","431.99","412.06","499.11M","4.72%"
"2021- 01- 07","410.81","404.00","414.65","403.99","460.33M","2.17%"
"2021- 01- 06","402.08","406.33","411.21","401.06","429.08M","-0.97%"
"2021- 01- 05","406.03","399.79","406.03","396.43","470.87M","1.54%"
"2021- 01- 04","399.88","389.50","400.78","388.88","361.89M","2.72%"
"2020- 12- 30","389.29","381.21","390.04","379.14","236.86M","2.10%"
"2020- 12- 29","381.27","380.34","382.31","377.04","234.72M","0.35%"
"2020- 12- 28","379.93","381.51","383.84","378.44","304.33M","0.20%"
"2020- 12- 24","379.18","371.67","380.29","371.67","314.37M","2.12%"
"2020- 12- 23","371.32","367.02","371.93","364.72","296.02M","1.33%"
"2020- 12- 22","366.43","371.08","371.91","366.43","291.11M","-1.54%"
"2020- 12- 21","372.18","371.51","372.44","368.05","252.57M","0.17%"
"2020- 12- 18","371.55","372.02","373.37","370.50","307.53M","-0.12%"
"2020- 12- 17","372.00","372.12","372.60","368.07","244.58M","-0.14%"
"2020- 12- 16","372.53","371.86","374.53","371.03","188.95M","0.44%"
"2020- 12- 15","370.88","371.75","372.64","367.70","243.33M","-0.18%"
"2020- 12- 14","371.56","372.14","374.72","370.50","284.47M","-0.18%"
"2020- 12- 11","372.24","370.45","374.30","370.39","331.02M","0.78%"
"2020- 12- 10","369.37","370.74","372.68","365.76","344.58M","-0.57%"
"2020- 12- 09","371.47","363.77","371.64","363.77","191.95M","2.21%"
"2020- 12- 08","363.45","369.73","370.11","363.41","192.37M","-1.73%"
"2020- 12- 07","369.86","368.59","371.51","365.32","221.80M","0.61%"
"2020- 12- 04","367.63","363.28","369.67","363.23","281.11M","1.65%"
"2020- 12- 03","361.66","360.36","361.66","358.45","206.86M","0.84%"
"2020- 12- 02","358.66","354.33","359.15","354.00","220.90M","1.78%"
"2020- 12- 01","352.40","349.37","353.26","349.07","260.00M","1.83%"
"2020- 11- 30","346.05","354.70","354.78","346.05","339.06M","-1.89%"
"2020- 11- 27","352.73","351.83","353.19","350.63","178.42M","0.17%"
"2020- 11- 26","352.12","348.66","352.12","346.77","182.18M","1.10%"
"2020- 11- 25","348.30","353.05","353.96","346.17","333.14M","-0.57%"
"2020- 11- 24","350.28","350.30","352.55","348.61","295.44M","0.52%"
"2020- 11- 23","348.46","341.51","348.94","340.60","380.84M","2.30%"
"2020- 11- 20","340.62","339.48","341.71","338.59","179.11M","0.14%"
"2020- 11- 19","340.16","338.56","340.42","337.51","215.10M","0.06%"
"2020- 11- 18","339.96","341.07","341.81","338.64","231.64M","0.03%"
"2020- 11- 17","339.85","340.84","342.57","339.06","403.20M","-0.23%"
"2020- 11- 16","340.63","335.20","341.15","335.20","465.75M","2.28%"
"2020- 11- 13","333.03","329.09","333.15","328.25","291.36M","1.00%"
"2020- 11- 12","329.72","330.57","331.58","328.46","342.30M","-0.42%"
"2020- 11- 11","331.12","327.04","331.46","327.01","323.23M","1.53%"
"2020- 11- 10","326.13","326.33","327.00","323.79","331.19M","0.09%"
"2020- 11- 09","325.83","325.25","328.02","324.51","276.82M","1.16%"
"2020- 11- 06","322.10","322.72","324.28","320.61","143.96M","0.18%"
"2020- 11- 05","321.51","315.74","321.51","315.27","186.09M","2.45%"
"2020- 11- 04","313.83","314.31","315.62","311.37","212.32M","0.56%"
"2020- 11- 03","312.07","308.14","312.35","308.01","129.00M","2.00%"
"2020- 11- 02","305.95","302.67","306.43","301.37","111.03M","1.44%"
"2020- 10- 30","301.60","308.91","309.08","301.58","178.91M","-2.69%"
"2020- 10- 29","309.94","308.99","310.56","306.63","139.04M","-1.03%"
"2020- 10- 28","313.17","310.66","313.30","309.44","120.21M","0.44%"
"2020- 10- 27","311.80","311.50","313.93","310.55","162.32M","-0.55%"
"2020- 10- 26","313.53","315.63","316.78","313.33","170.88M","-0.40%"
"2020- 10- 23","314.79","314.98","315.83","312.31","198.02M","0.33%"
"2020- 10- 22","313.77","313.62","314.29","311.55","140.73M","-0.63%"
"2020- 10- 21","315.76","315.34","316.61","314.16","136.81M","0.33%"
"2020- 10- 20","314.71","311.02","314.91","309.95","135.68M","0.68%"
"2020- 10- 19","312.59","313.43","314.94","312.19","138.22M","0.24%"
"2020- 10- 16","311.83","314.41","315.47","309.67","126.44M","-0.67%"
"2020- 10- 15","313.92","315.76","315.89","312.40","124.41M","-0.84%"
"2020- 10- 14","316.57","319.60","319.88","315.71","129.34M","-0.94%"
"2020- 10- 13","319.58","321.04","321.45","316.98","126.74M","0.13%"
"2020- 10- 12","319.15","318.99","320.01","317.67","140.94M","0.53%"
"2020- 10- 08","317.47","320.31","320.38","316.60","168.69M","0.04%"
"2020- 10- 07","317.35","312.34","317.44","311.82","124.43M","0.92%"
"2020- 10- 06","314.45","315.13","316.48","313.03","139.89M","0.30%"
"2020- 10- 05","313.51","309.65","314.66","309.09","157.99M","1.32%"
"2020- 09- 29","309.44","310.01","311.34","308.52","138.82M","0.78%"
"2020- 09- 28","307.03","306.49","308.34","304.64","173.18M","1.14%"
"2020- 09- 25","303.57","305.38","305.55","301.93","156.86M","0.36%"
"2020- 09- 24","302.48","304.85","306.98","301.95","181.25M","-2.31%"
"2020- 09- 23","309.64","311.50","311.76","303.29","208.05M","0.27%"
"2020- 09- 22","308.82","315.53","316.02","307.40","304.36M","-2.24%"
"2020- 09- 21","315.89","318.13","320.86","314.78","165.86M","-0.79%"
"2020- 09- 18","318.39","319.20","319.81","316.62","153.54M","0.12%"
"2020- 09- 17","318.00","321.30","322.23","316.92","178.30M","-1.34%"
"2020- 09- 16","322.31","323.14","324.19","321.52","146.88M","-0.32%"
"2020- 09- 15","323.36","321.82","323.57","320.54","152.45M","0.74%"
"2020- 09- 14","320.98","319.83","321.22","318.54","176.78M","1.43%"
"2020- 09- 11","316.45","315.64","316.77","313.20","165.16M","-0.03%"
"2020- 09- 10","316.53","317.92","318.38","315.46","234.27M","0.88%"
"2020- 09- 09","313.77","313.54","315.90","312.90","198.50M","-1.14%"
"2020- 09- 08","317.38","316.31","317.43","314.56","227.27M","1.18%"
"2020- 09- 07","313.67","312.08","314.44","310.93","264.67M","0.53%"
"2020- 09- 04","312.03","308.25","312.64","308.04","408.03M","-1.39%"
"2020- 09- 03","316.43","314.73","317.46","314.45","342.18M","1.58%"
"2020- 09- 02","311.50","311.69","312.92","308.52","337.04M","0.55%"
"2020- 09- 01","309.81","309.08","311.15","307.63","342.81M","0.87%"
"2020- 08- 31","307.14","315.46","316.11","307.12","312.18M","-1.63%"
"2020- 08- 28","312.24","313.86","315.95","311.06","256.41M","0.28%"
"2020- 08- 27","311.38","314.46","315.17","311.37","175.57M","-0.89%"
"2020- 08- 26","314.19","313.61","315.08","309.74","193.54M","0.19%"
"2020- 08- 25","313.59","312.45","314.14","310.57","197.82M","1.38%"
"2020- 08- 24","309.33","306.86","310.27","303.39","142.21M","1.04%"
"2020- 08- 21","306.16","306.17","309.88","303.15","166.30M","1.52%"
"2020- 08- 20","301.59","310.45","312.77","301.15","249.74M","-3.81%"
"2020- 08- 19","313.54","315.96","316.82","313.18","159.93M","0.22%"
"2020- 08- 18","312.84","319.57","321.69","311.20","247.52M","-2.00%"
"2020- 08- 14","319.24","321.59","322.66","316.28","260.40M","-1.26%"
"2020- 08- 13","323.33","325.84","326.22","319.66","285.74M","0.20%"
"2020- 08- 12","322.68","320.31","322.68","317.30","293.14M","0.52%"
"2020- 08- 11","321.02","317.63","322.64","317.56","297.60M","1.34%"
"2020- 08- 10","316.77","312.75","317.84","312.08","261.18M","1.34%"
"2020- 08- 07","312.57","311.99","314.11","310.00","299.12M","0.40%"
"2020- 08- 06","311.32","307.88","312.84","307.88","254.20M","1.53%"
"2020- 08- 05","306.64","303.94","306.67","302.91","210.81M","1.19%"
"2020- 08- 04","303.04","302.50","304.27","301.48","219.87M","1.20%"
"2020- 08- 03","299.46","299.57","300.33","297.57","179.73M","0.05%"
"2020- 07- 31","299.32","303.69","304.16","298.89","201.96M","-0.84%"
"2020- 07- 30","301.85","303.13","304.13","301.49","191.76M","0.20%"
"2020- 07- 29","301.25","300.57","303.51","299.61","264.44M","0.37%"
"2020- 07- 28","300.13","296.53","301.34","296.38","301.28M","2.26%"
"2020- 07- 27","293.51","291.03","295.26","290.82","193.24M","0.98%"
"2020- 07- 24","290.66","289.84","292.74","289.42","216.21M","-0.58%"
"2020- 07- 23","292.37","293.62","293.62","290.49","250.98M","-0.57%"
"2020- 07- 22","294.04","294.71","296.14","293.39","327.32M","-0.38%"
"2020- 07- 21","295.16","294.03","296.11","293.20","366.99M","1.50%"
"2020- 07- 20","290.81","292.76","292.76","289.01","161.82M","-0.26%"
"2020- 07- 17","291.57","289.90","292.10","289.90","118.64M","0.80%"
"2020- 07- 16","289.25","292.34","292.74","288.46","129.45M","-1.03%"
"2020- 07- 15","292.27","292.94","294.42","290.89","168.35M","0.91%"
"2020- 07- 14","289.63","288.42","289.63","286.89","126.30M","-0.07%"
"2020- 07- 13","289.84","287.92","290.49","286.86","127.05M","1.68%"
"2020- 07- 10","285.06","287.87","288.09","283.51","136.77M","-0.76%"
"2020- 07- 09","287.25","287.80","289.41","287.08","140.61M","0.45%"
"2020- 07- 08","285.97","287.20","288.41","285.18","119.45M","-0.28%"
"2020- 07- 07","286.77","292.74","292.98","286.76","156.13M","-1.32%"
"2020- 07- 06","290.62","286.84","291.14","286.31","128.12M","1.65%"
"2020- 07- 03","285.89","285.59","286.09","283.36","100.22M","0.72%"
"2020- 07- 02","283.86","281.30","283.89","280.71","111.37M","1.28%"
"2020- 07- 01","280.26","283.10","283.84","279.44","133.80M","0.06%"
"2020- 06- 30","280.09","282.55","283.98","280.09","179.50M","0.74%"
"2020- 06- 29","278.04","279.36","281.77","277.06","137.76M","-1.88%"
"2020- 06- 26","283.38","283.36","284.58","280.65","169.01M","1.30%"
"2020- 06- 25","279.73","282.38","284.36","279.73","152.98M","-2.43%"
"2020- 06- 24","286.70","283.71","288.30","283.30","200.57M","1.69%"
"2020- 06- 23","281.94","284.64","286.04","279.26","163.68M","0.18%"
"2020- 06- 22","281.42","281.01","283.71","280.34","139.84M","-0.69%"
"2020- 06- 19","283.37","284.56","284.70","278.53","189.13M","0.52%"
"2020- 06- 18","281.91","281.74","283.39","280.02","181.59M","-0.39%"
"2020- 06- 17","283.02","282.08","284.90","278.33","337.22M","0.15%"
"2020- 06- 16","282.59","275.89","282.59","274.00","247.89M","5.46%"
"2020- 06- 15","267.95","278.61","280.87","267.95","262.44M","-4.91%"
"2020- 06- 12","281.78","276.97","282.54","276.05","232.83M","-2.37%"
"2020- 06- 11","288.62","289.98","292.08","284.29","275.90M","-1.12%"
"2020- 06- 10","291.90","291.03","292.92","289.60","229.07M","0.20%"
"2020- 06- 09","291.32","293.96","294.87","287.83","268.57M","0.19%"
"2020- 06- 08","290.77","295.41","295.68","289.71","286.66M","0.05%"
"2020- 06- 05","290.62","286.30","291.50","284.50","282.06M","1.46%"
"2020- 06- 04","286.45","291.17","292.90","284.93","364.58M","0.19%"
"2020- 06- 03","285.91","279.14","287.49","278.98","476.50M","3.56%"
"2020- 06- 02","276.08","272.65","276.47","272.22","251.03M","1.06%"
"2020- 06- 01","273.19","269.29","273.39","268.93","171.51M","1.81%"
"2020- 05- 29","268.32","266.62","269.61","265.23","269.47M","0.01%"
"2020- 05- 28","268.29","270.17","271.44","264.85","248.93M","0.24%"
"2020- 05- 27","267.64","266.71","269.17","265.86","247.18M","0.12%"
"2020- 05- 26","267.31","263.48","267.31","262.95","175.42M","1.73%"
"2020- 05- 25","262.76","260.95","262.82","259.16","125.43M","1.21%"
"2020- 05- 22","259.62","263.82","264.07","258.34","166.03M","-1.56%"
"2020- 05- 21","263.74","264.52","264.85","263.07","159.48M","0.39%"
"2020- 05- 20","262.72","260.48","263.25","260.48","140.30M","0.36%"
"2020- 05- 19","261.79","261.12","262.34","259.96","253.33M","2.49%"
"2020- 05- 18","255.44","254.55","256.31","252.95","223.00M","0.65%"
"2020- 05- 15","253.79","255.34","255.49","252.02","228.90M","0.06%"
"2020- 05- 14","253.65","253.26","254.39","252.09","167.64M","-0.86%"
"2020- 05- 13","255.85","250.03","255.85","249.95","141.25M","0.98%"
"2020- 05- 12","253.37","255.33","255.56","250.98","166.80M","-0.62%"
"2020- 05- 11","254.95","257.67","258.87","254.59","144.30M","-0.65%"
"2020- 05- 08","256.62","256.66","258.29","256.23","125.22M","0.85%"
"2020- 05- 07","254.46","253.88","256.14","253.37","114.36M","-0.21%"
"2020- 05- 06","255.00","253.76","255.01","251.26","133.28M","1.76%"
"2020- 05- 04","250.60","252.44","253.70","250.34","174.04M","-2.92%"
"2020- 04- 29","258.15","256.58","259.67","256.04","184.48M","0.69%"
"2020- 04- 28","256.39","255.91","257.34","253.22","172.42M","0.61%"
"2020- 04- 27","254.84","251.18","255.79","250.61","151.36M","1.82%"
"2020- 04- 24","250.28","252.47","252.86","249.19","154.31M","-1.36%"
"2020- 04- 23","253.74","253.42","255.22","251.58","163.81M","0.74%"
"2020- 04- 22","251.88","246.16","252.18","244.56","184.50M","0.99%"
"2020- 04- 21","249.40","250.26","251.88","245.11","257.16M","-1.09%"
"2020- 04- 20","252.14","253.85","255.93","251.46","211.00M","-1.13%"
"2020- 04- 17","255.02","252.52","257.37","252.38","287.36M","3.21%"
"2020- 04- 16","247.10","244.99","247.87","243.61","197.54M","-0.14%"
"2020- 04- 14","247.45","246.20","248.55","244.58","193.12M","1.66%"
"2020- 04- 13","243.40","246.59","246.90","243.39","195.90M","-1.85%"
"2020- 04- 10","248.00","245.14","248.21","244.02","286.11M","0.97%"
"2020- 04- 09","245.61","246.13","246.46","243.11","175.94M","1.54%"
"2020- 04- 08","241.89","243.71","246.99","241.77","173.12M","-1.22%"
"2020- 04- 07","244.87","245.65","247.39","240.68","224.45M","1.69%"
"2020- 04- 06","240.81","234.40","241.19","233.75","190.74M","3.93%"
"2020- 04- 03","231.70","232.48","234.45","229.23","181.04M","-0.06%"
"2020- 04- 02","231.84","227.47","232.22","223.60","181.79M","2.43%"
"2020- 04- 01","226.35","234.23","237.52","226.34","228.58M","-4.42%"
"2020- 03- 31","236.82","235.20","237.47","232.50","240.44M","1.88%"
"2020- 03- 30","232.45","227.05","234.70","225.09","167.23M","-0.57%"
"2020- 03- 27","233.79","239.11","239.48","227.01","249.10M","1.94%"
"2020- 03- 26","229.34","231.91","236.61","229.22","290.84M","-1.52%"
"2020- 03- 25","232.89","228.37","233.42","224.74","306.11M","5.70%"
"2020- 03- 24","220.34","207.65","220.34","205.41","225.73M","9.15%"
"2020- 03- 23","201.87","200.80","206.66","198.67","210.30M","-5.52%"
"2020- 03- 20","213.67","204.84","214.08","200.54","269.35M","7.22%"
"2020- 03- 19","199.28","220.72","220.85","196.27","303.56M","-7.67%"
"2020- 03- 18","215.83","228.63","230.04","215.81","208.04M","-4.87%"
"2020- 03- 17","226.89","222.94","234.56","222.46","216.73M","-2.61%"
"2020- 03- 16","232.97","245.21","245.21","232.76","175.05M","-3.19%"
"2020- 03- 13","240.65","231.71","246.19","227.36","298.90M","-2.81%"
"2020- 03- 12","247.62","253.93","255.49","243.76","242.47M","-3.65%"
"2020- 03- 11","257.01","264.63","265.04","255.69","194.21M","-2.89%"
"2020- 03- 10","264.67","261.94","265.57","260.75","173.09M","0.59%"
"2020- 03- 09","263.11","266.39","267.75","261.76","182.67M","-4.36%"
"2020- 03- 06","275.10","276.74","278.31","274.00","140.90M","-2.23%"
"2020- 03- 05","281.38","280.66","282.05","277.91","147.44M","1.17%"
"2020- 03- 04","278.13","270.13","278.90","270.13","208.46M","2.42%"
"2020- 03- 03","271.56","277.44","277.54","270.79","146.72M","0.44%"
"2020- 03- 02","270.37","269.59","272.60","265.70","163.72M","0.88%"
"2020- 02- 28","268.02","272.33","273.98","267.23","202.61M","-3.27%"
"2020- 02- 27","277.09","279.46","281.09","276.07","110.50M","-1.02%"
"2020- 02- 26","279.94","278.45","281.98","277.68","119.55M","-1.51%"
"2020- 02- 25","284.24","280.48","284.63","279.77","117.03M","1.15%"
"2020- 02- 24","281.02","285.51","286.62","281.02","132.82M","-3.90%"
"2020- 02- 21","292.42","292.16","295.24","291.96","100.71M","-1.43%"
"2020- 02- 20","296.65","300.34","301.35","295.01","90.01M","-0.56%"
"2020- 02- 19","298.33","299.68","300.38","295.53","84.26M","0.20%"
"2020- 02- 18","297.74","300.26","301.29","297.20","84.75M","-1.66%"
"2020- 02- 17","302.76","302.84","304.05","300.99","84.28M","-0.08%"
"2020- 02- 14","303.01","300.95","304.20","299.18","80.53M","0.69%"
"2020- 02- 13","300.93","302.79","304.43","300.48","115.07M","-0.20%"
"2020- 02- 12","301.54","299.83","302.20","298.09","110.63M","0.76%"
"2020- 02- 11","299.28","297.91","301.10","297.48","78.35M","1.03%"
"2020- 02- 10","296.24","294.07","296.73","293.33","72.22M","-0.66%"
"2020- 02- 07","298.21","299.59","300.05","296.01","108.11M","-0.81%"
"2020- 02- 06","300.65","294.74","300.98","294.32","110.22M","2.96%"
"2020- 02- 05","292.02","293.57","294.26","290.30","102.64M","0.46%"
"2020- 02- 04","290.68","285.19","291.38","285.11","105.45M","1.98%"
"2020- 02- 03","285.05","280.17","286.24","279.78","111.06M","0.18%"
"2020- 01- 31","284.53","290.24","291.47","284.53","101.46M","-1.33%"
"2020- 01- 30","288.37","293.27","294.11","287.09","101.54M","-1.91%"
"2020- 01- 29","293.98","294.38","295.67","292.45","85.73M","0.41%"
"2020- 01- 28","292.77","294.98","296.30","291.30","130.17M","-3.16%"
"2020- 01- 23","302.33","303.77","304.72","301.71","86.91M","-1.23%"
"2020- 01- 22","306.08","301.79","306.52","301.16","79.33M","1.31%"
"2020- 01- 21","302.11","304.94","306.09","301.85","67.63M","-1.14%"
"2020- 01- 20","305.58","304.99","307.54","304.77","78.04M","0.75%"
"2020- 01- 17","303.30","305.07","306.05","302.51","81.54M","0.17%"
"2020- 01- 16","302.78","299.93","302.91","298.95","85.71M","1.01%"
"2020- 01- 15","299.74","299.91","301.13","298.82","71.77M","-0.59%"
"2020- 01- 14","301.53","302.20","303.61","300.69","92.12M","0.47%"
"2020- 01- 13","300.13","296.62","300.31","296.53","81.68M","1.03%"
"2020- 01- 10","297.06","294.80","297.17","294.17","94.16M","0.90%"
"2020- 01- 09","294.41","293.83","294.41","292.10","111.79M","1.72%"
"2020- 01- 08","289.42","288.94","291.01","287.30","124.53M","-0.62%"
"2020- 01- 07","291.23","290.01","292.26","289.64","65.35M","0.97%"
"2020- 01- 06","288.43","287.73","289.41","287.49","69.96M","-0.79%"
"2020- 01- 03","290.74","293.10","294.88","289.04","79.77M","0.13%"
"2020- 01- 02","290.35","294.19","294.57","289.96","66.16M","-1.16%"
"2019- 12- 30","293.77","294.60","295.49","293.40","54.97M","-0.48%"
"2019- 12- 27","295.20","292.37","296.95","291.28","77.51M","0.39%"
"2019- 12- 26","294.06","293.12","294.07","291.79","68.48M","0.40%"
"2019- 12- 24","292.90","295.18","295.25","292.47","60.61M","-0.67%"
"2019- 12- 23","294.87","295.84","296.12","293.81","62.09M","-0.15%"
"2019- 12- 20","295.31","295.58","295.86","293.95","75.97M","0.34%"
"2019- 12- 19","294.31","295.06","295.84","292.82","70.19M","0.03%"
"2019- 12- 18","294.22","294.31","295.85","293.05","76.91M","-0.06%"
"2019- 12- 17","294.40","291.76","294.50","290.52","94.37M","1.60%"
"2019- 12- 16","289.76","289.54","290.80","289.36","73.74M","-0.12%"
"2019- 12- 13","290.11","289.34","290.11","288.32","99.62M","1.75%"
"2019- 12- 12","285.11","282.62","285.43","282.62","133.65M","1.72%"
"2019- 12- 11","280.28","279.19","281.03","278.45","66.85M","0.35%"
"2019- 12- 10","279.31","276.80","279.75","276.62","56.67M","0.46%"
"2019- 12- 09","278.03","278.31","278.75","277.02","70.52M","0.53%"
"2019- 12- 06","276.56","275.19","277.00","274.75","70.11M","1.19%"
"2019- 12- 05","273.30","275.65","276.63","272.53","66.51M","-0.31%"
"2019- 12- 04","274.15","274.36","274.68","272.53","81.92M","-0.74%"
"2019- 12- 03","276.19","274.93","276.63","273.88","67.28M","-0.45%"
"2019- 12- 02","277.44","278.27","279.44","276.97","66.61M","0.24%"
"2019- 11- 29","276.78","282.08","282.10","276.34","74.60M","-1.58%"
"2019- 11- 28","281.23","281.23","282.80","281.05","61.62M","-0.57%"
"2019- 11- 27","282.85","283.56","284.02","281.27","60.90M","0.36%"
"2019- 11- 26","281.83","283.09","284.87","281.77","119.52M","-0.13%"
"2019- 11- 25","282.19","281.77","283.53","281.48","64.51M","0.99%"
"2019- 11- 22","279.43","278.57","279.89","278.14","74.35M","0.41%"
"2019- 11- 21","278.28","281.89","282.33","276.98","81.75M","-1.39%"
"2019- 11- 20","282.21","284.27","285.29","282.00","73.55M","-1.40%"
"2019- 11- 19","286.23","285.74","286.34","283.73","68.17M","-0.33%"
"2019- 11- 18","287.18","287.10","287.78","285.94","56.11M","-0.04%"
"2019- 11- 15","287.29","283.85","287.72","283.30","71.65M","1.18%"
"2019- 11- 14","283.93","281.90","283.93","281.10","79.76M","0.94%"
"2019- 11- 13","281.28","282.28","282.49","280.62","60.13M","-0.84%"
"2019- 11- 12","283.65","281.90","283.65","280.79","65.57M","1.00%"
"2019- 11- 11","280.85","283.30","283.30","280.40","61.56M","-0.81%"
"2019- 11- 08","283.13","285.81","286.12","282.57","73.68M","-0.44%"
"2019- 11- 07","284.37","284.04","284.82","283.05","70.72M","-0.05%"
"2019- 11- 06","284.52","284.31","286.43","283.70","77.95M","0.05%"
"2019- 11- 05","284.38","282.99","284.46","282.27","76.36M","0.65%"
"2019- 11- 04","282.54","279.90","282.77","279.90","77.00M","1.48%"
"2019- 11- 01","278.43","276.17","278.55","275.59","58.54M","0.95%"
"2019- 10- 31","275.82","276.84","279.04","275.82","78.34M","0.11%"
"2019- 10- 30","275.51","277.49","277.49","274.95","72.53M","-0.73%"
"2019- 10- 29","277.55","279.25","279.49","276.81","57.15M","-0.08%"
"2019- 10- 28","277.78","278.16","279.42","277.29","59.07M","0.26%"
"2019- 10- 25","277.07","277.60","277.67","275.70","58.28M","0.13%"
"2019- 10- 24","276.70","277.70","277.84","274.31","73.68M","0.17%"
"2019- 10- 23","276.23","276.83","277.29","275.34","65.29M","-0.43%"
"2019- 10- 22","277.41","275.40","278.19","274.93","63.88M","1.32%"
"2019- 10- 21","273.79","273.87","274.10","272.67","45.39M","0.36%"
"2019- 10- 18","272.81","275.99","277.06","272.28","71.47M","-1.00%"
"2019- 10- 17","275.57","275.92","276.68","274.62","53.87M","-0.27%"
"2019- 10- 16","276.32","276.26","277.59","275.24","65.38M","0.72%"
"2019- 10- 15","274.34","273.85","275.09","273.83","53.05M","0.04%"
"2019- 10- 14","274.23","274.71","275.75","273.97","71.05M","1.08%"
"2019- 10- 11","271.30","271.68","272.68","270.58","59.64M","0.93%"
"2019- 10- 10","268.80","268.79","270.78","266.23","98.18M","-0.94%"
"2019- 10- 08","271.36","268.90","271.51","267.97","75.08M","1.38%"
"2019- 10- 07","267.67","269.12","269.75","266.83","53.57M","0.10%"
"2019- 10- 04","267.39","268.14","270.16","267.39","62.88M","-0.43%"
"2019- 10- 02","268.55","272.39","272.42","268.55","66.21M","-2.14%"
"2019- 10- 01","274.42","273.43","275.38","272.81","52.63M","0.32%"
"2019- 09- 30","273.55","270.61","273.85","270.06","54.69M","0.82%"
"2019- 09- 27","271.33","273.32","273.40","270.52","57.74M","-1.30%"
"2019- 09- 26","274.89","275.61","276.38","273.50","89.59M","0.17%"
"2019- 09- 25","274.42","276.67","277.04","274.12","70.84M","-1.28%"
"2019- 09- 24","277.97","276.41","278.17","275.55","68.27M","0.48%"
"2019- 09- 23","276.65","275.86","277.11","275.64","60.19M","0.08%"
"2019- 09- 20","276.44","275.01","276.67","274.46","74.03M","0.55%"
"2019- 09- 19","274.92","273.11","276.15","273.03","70.50M","0.68%"
"2019- 09- 18","273.06","271.88","273.72","271.04","67.60M","0.51%"
"2019- 09- 17","271.68","271.46","272.26","270.90","73.74M","-0.12%"
"2019- 09- 16","272.02","271.48","272.03","269.59","103.34M","0.44%"
"2019- 09- 11","270.84","270.35","271.35","269.58","103.90M","0.77%"
"2019- 09- 10","268.76","267.96","269.13","267.35","66.34M","0.51%"
"2019- 09- 09","267.40","266.11","268.67","265.92","62.21M","0.70%"
"2019- 09- 06","265.53","266.20","266.36","264.74","59.20M","0.41%"
"2019- 09- 05","264.44","262.53","266.00","262.27","88.99M","1.05%"
"2019- 09- 04","261.69","257.89","261.69","257.76","69.29M","1.33%"
"2019- 09- 03","258.25","258.55","259.67","257.40","64.32M","-0.32%"
"2019- 09- 02","259.08","258.25","259.74","257.80","54.89M","0.03%"
"2019- 08- 30","259.00","256.85","259.61","256.72","94.16M","1.84%"
"2019- 08- 29","254.31","255.68","256.28","253.60","64.85M","-0.48%"
"2019- 08- 28","255.53","254.20","255.98","253.65","58.34M","0.80%"
"2019- 08- 27","253.50","253.74","254.96","252.53","93.38M","0.52%"
"2019- 08- 26","252.19","251.80","253.14","250.99","62.61M","-1.53%"
"2019- 08- 23","256.11","255.11","256.88","254.91","54.78M","-0.07%"
"2019- 08- 22","256.28","258.53","258.73","256.25","67.25M","-0.81%"
"2019- 08- 21","258.38","257.15","259.49","257.11","65.48M","0.13%"
"2019- 08- 20","258.05","255.53","258.62","254.74","81.69M","1.15%"
"2019- 08- 19","255.11","255.20","255.84","254.25","66.02M","0.48%"
"2019- 08- 16","253.90","252.76","253.94","251.46","71.83M","-0.38%"
"2019- 08- 14","254.86","255.84","256.82","254.59","82.24M","0.80%"
"2019- 08- 13","252.83","253.50","254.58","252.63","76.82M","-0.99%"
"2019- 08- 12","255.35","255.57","256.43","254.43","69.38M","0.20%"
"2019- 08- 09","254.85","255.13","256.15","254.41","117.69M","0.97%"
"2019- 08- 08","252.40","254.11","255.33","252.37","163.71M","0.16%"
"2019- 08- 07","252.00","254.46","254.90","251.08","90.74M","-0.56%"
"2019- 08- 06","253.41","250.85","257.04","250.24","123.17M","-1.47%"
"2019- 08- 05","257.19","261.10","261.40","256.76","131.04M","-2.21%"
"2019- 08- 02","262.99","262.61","263.94","261.75","99.66M","-1.03%"
"2019- 08- 01","265.73","264.97","267.44","264.47","72.58M","-0.23%"
"2019- 07- 31","266.34","268.46","269.14","265.00","96.24M","-0.97%"
"2019- 07- 30","268.95","268.69","269.79","268.33","64.53M","0.45%"
"2019- 07- 29","267.75","271.21","271.91","267.07","78.75M","-1.65%"
"2019- 07- 26","272.25","271.41","272.56","270.57","89.84M","-0.29%"
"2019- 07- 25","273.04","274.08","274.62","271.25","95.65M","-0.07%"
"2019- 07- 24","273.22","275.12","276.48","272.91","84.29M","-0.98%"
"2019- 07- 23","275.92","274.93","276.56","274.84","95.08M","0.50%"
"2019- 07- 22","274.55","273.90","275.35","273.57","60.91M","0.00%"
"2019- 07- 19","274.55","272.71","274.95","272.21","87.94M","1.43%"
"2019- 07- 18","270.67","271.05","271.63","269.73","80.14M","-0.30%"
"2019- 07- 17","271.48","272.13","272.28","270.29","117.95M","-0.94%"
"2019- 07- 16","274.05","272.79","274.54","272.14","137.05M","0.52%"
"2019- 07- 15","272.64","272.06","273.38","270.99","83.61M","-0.01%"
"2019- 07- 12","272.68","272.21","273.23","271.28","55.66M","0.33%"
"2019- 07- 11","271.78","270.58","272.97","270.46","107.37M","1.13%"
"2019- 07- 10","268.75","269.29","270.33","268.60","67.51M","0.38%"
"2019- 07- 09","267.72","269.60","270.22","267.72","71.88M","-0.31%"
"2019- 07- 08","268.55","271.38","271.67","268.38","75.10M","-2.11%"
"2019- 07- 05","274.35","274.74","275.23","272.41","60.02M","-0.07%"
"2019- 07- 04","274.54","273.18","274.61","271.93","77.52M","0.80%"
"2019- 07- 03","272.37","275.57","276.69","271.90","97.52M","-1.30%"
"2019- 07- 02","275.97","276.06","277.46","274.63","65.54M","-0.47%"
"2019- 07- 01","277.27","279.59","279.68","276.85","74.36M","-0.08%"
"2019- 06- 28","277.50","278.03","278.56","276.58","67.60M","-0.09%"
"2019- 06- 27","277.75","275.47","278.63","275.09","66.30M","0.81%"
"2019- 06- 26","275.53","275.21","276.36","274.66","58.82M","0.09%"
"2019- 06- 25","275.28","275.33","277.02","274.19","60.51M","-0.11%"
"2019- 06- 24","275.58","275.91","276.73","275.13","55.54M","0.04%"
"2019- 06- 21","275.48","276.17","276.26","274.60","77.28M","-0.19%"
"2019- 06- 20","276.01","274.63","276.09","274.43","55.34M","0.25%"
"2019- 06- 19","275.31","274.40","275.60","274.08","69.73M","1.46%"
"2019- 06- 18","271.36","269.77","271.87","269.77","65.72M","0.47%"
"2019- 06- 17","270.09","269.83","271.59","269.14","57.06M","-0.14%"
"2019- 06- 14","270.48","270.19","271.55","268.96","66.71M","-0.24%"
"2019- 06- 13","271.13","271.96","272.46","268.38","95.80M","-0.59%"
"2019- 06- 12","272.74","273.14","274.32","272.00","66.92M","-0.17%"
"2019- 06- 11","273.21","271.48","273.69","271.24","61.24M","0.41%"
"2019- 06- 10","272.10","270.32","272.20","268.68","60.89M","1.43%"
"2019- 06- 07","268.27","267.97","269.63","266.27","67.97M","0.10%"
"2019- 06- 05","267.99","270.10","270.46","267.46","67.51M","0.12%"
"2019- 06- 04","267.66","267.84","268.47","266.72","70.29M","-0.19%"
"2019- 06- 03","268.16","262.68","268.55","262.33","83.61M","1.62%"
"2019- 05- 31","263.89","262.48","265.21","261.53","77.79M","-0.02%"
"2019- 05- 30","263.93","261.58","264.23","261.58","70.34M","0.98%"
"2019- 05- 29","261.37","264.10","264.10","260.22","82.79M","-1.26%"
"2019- 05- 28","264.70","264.38","266.16","263.27","147.26M","0.11%"
"2019- 05- 27","264.40","264.18","265.85","263.17","53.14M","-0.01%"
"2019- 05- 24","264.42","264.70","266.11","263.10","67.23M","-0.74%"
"2019- 05- 23","266.38","266.40","267.12","264.50","71.66M","-0.10%"
"2019- 05- 22","266.65","267.01","267.60","263.95","61.66M","0.20%"
"2019- 05- 21","266.12","265.25","268.55","264.79","81.02M","0.44%"
"2019- 05- 20","264.96","265.90","267.65","264.33","64.23M","0.23%"
"2019- 05- 17","264.35","267.85","268.06","263.94","75.10M","-0.62%"
"2019- 05- 16","265.99","269.83","269.96","265.24","75.96M","-1.35%"
"2019- 05- 15","269.64","268.42","271.00","267.62","77.02M","0.40%"
"2019- 05- 14","268.57","266.03","270.42","265.55","82.19M","-0.06%"
"2019- 05- 13","268.72","269.80","271.54","268.55","66.87M","-1.23%"
"2019- 05- 10","272.06","273.37","274.32","269.71","89.44M","0.39%"
"2019- 05- 09","271.00","278.83","279.63","271.00","124.01M","-3.27%"
"2019- 05- 08","280.15","277.85","281.84","277.84","75.00M","-0.41%"
"2019- 05- 07","281.31","280.89","281.66","278.95","97.72M","-0.83%"
"2019- 05- 03","283.67","285.64","285.95","283.14","67.79M","-0.86%"
"2019- 05- 02","286.12","283.37","286.87","283.14","84.18M","0.42%"
"2019- 04- 30","284.92","286.25","286.59","282.61","77.99M","-0.65%"
"2019- 04- 29","286.79","282.00","286.79","281.81","66.98M","1.94%"
"2019- 04- 26","281.34","280.86","282.47","279.70","76.72M","-0.53%"
"2019- 04- 25","282.83","282.80","284.22","281.90","74.58M","-0.31%"
"2019- 04- 24","283.70","287.82","287.82","281.96","88.61M","-0.97%"
"2019- 04- 23","286.47","285.85","286.83","285.42","67.38M","0.21%"
"2019- 04- 22","285.87","286.06","287.59","284.52","55.19M","-0.01%"
"2019- 04- 19","285.89","287.18","287.48","285.72","63.87M","0.02%"
"2019- 04- 18","285.82","290.88","291.15","285.38","89.65M","-1.55%"
"2019- 04- 17","290.33","290.68","291.21","289.84","72.67M","-0.10%"
"2019- 04- 16","290.62","289.18","290.76","288.77","96.13M","0.43%"
"2019- 04- 15","289.38","289.54","290.74","289.12","80.43M","0.35%"
"2019- 04- 12","288.37","286.89","288.62","285.83","69.06M","0.33%"
"2019- 04- 11","287.42","288.33","288.71","286.38","84.68M","-0.17%"
"2019- 04- 10","287.92","285.44","288.01","285.10","75.08M","0.42%"
"2019- 04- 09","286.71","286.51","288.02","285.38","66.23M","0.12%"
"2019- 04- 08","286.38","287.78","287.83","285.09","64.57M","-0.10%"
"2019- 04- 05","286.68","286.03","287.53","285.93","64.89M","0.19%"
"2019- 04- 04","286.15","285.29","287.75","284.97","73.80M","0.18%"
"2019- 04- 03","285.65","281.88","285.65","281.22","91.59M","1.39%"
"2019- 04- 02","281.72","281.67","282.47","281.00","72.18M","0.50%"
"2019- 04- 01","280.32","278.41","280.93","278.41","76.67M","1.39%"
"2019- 03- 29","276.48","276.33","277.01","274.32","82.28M","0.51%"
"2019- 03- 28","275.08","275.02","276.20","273.90","66.92M","-0.79%"
"2019- 03- 27","277.28","277.01","278.16","274.87","67.77M","-0.12%"
"2019- 03- 26","277.60","278.43","278.49","276.91","65.75M","0.05%"
"2019- 03- 25","277.45","279.12","279.21","277.19","77.32M","-2.01%"
"2019- 03- 22","283.13","283.92","284.55","282.09","117.73M","0.27%"
"2019- 03- 21","282.38","281.14","284.39","280.63","97.09M","0.88%"
"2019- 03- 20","279.92","278.84","280.07","276.34","61.17M","0.04%"
"2019- 03- 19","279.82","280.30","280.40","278.63","55.39M","-0.04%"
"2019- 03- 18","279.93","280.27","280.77","278.92","60.90M","0.02%"
"2019- 03- 15","279.87","276.42","280.50","276.31","123.13M","1.17%"
"2019- 03- 14","276.64","276.79","277.40","274.78","95.82M","0.23%"
"2019- 03- 13","276.00","276.92","277.12","274.04","61.49M","-0.62%"
"2019- 03- 12","277.73","277.41","278.48","276.94","63.96M","0.97%"
"2019- 03- 11","275.06","275.50","276.28","273.88","64.83M","0.08%"
"2019- 03- 08","274.84","277.18","278.00","274.84","71.64M","-1.45%"
"2019- 03- 07","278.87","279.33","280.98","277.44","78.64M","-0.35%"
"2019- 03- 06","279.85","280.09","280.26","278.72","75.23M","-0.21%"
"2019- 03- 05","280.45","281.42","281.89","279.53","78.81M","-0.73%"
"2019- 03- 04","282.51","286.12","286.68","282.16","107.55M","-0.45%"
"2019- 02- 28","283.80","288.13","288.62","283.80","129.09M","-1.72%"
"2019- 02- 27","288.76","288.90","289.41","288.09","72.74M","0.30%"
"2019- 02- 26","287.89","288.52","289.20","287.06","81.33M","-0.38%"
"2019- 02- 25","289.00","290.19","290.32","287.84","73.42M","0.09%"
"2019- 02- 22","288.74","287.29","288.74","286.54","70.34M","0.11%"
"2019- 02- 21","288.41","287.43","289.28","286.05","88.24M","0.00%"
"2019- 02- 20","288.40","286.55","289.22","286.21","88.58M","1.22%"
"2019- 02- 19","284.91","285.36","286.12","283.16","62.75M","-0.35%"
"2019- 02- 18","285.90","285.60","287.02","284.64","73.48M","0.68%"
"2019- 02- 15","283.98","286.42","286.42","282.81","77.19M","-1.63%"
"2019- 02- 14","288.68","284.25","288.68","282.91","112.39M","1.30%"
"2019- 02- 13","284.97","285.09","285.59","284.13","93.29M","0.45%"
"2019- 02- 12","283.69","282.12","284.32","281.43","92.11M","0.56%"
"2019- 02- 11","282.10","281.75","282.19","280.02","79.97M","0.22%"
"2019- 02- 08","281.49","283.85","284.01","280.95","88.71M","-1.46%"
"2019- 02- 07","285.65","287.54","287.67","284.97","100.69M","-0.05%"
"2019- 02- 01","285.79","287.07","288.34","285.43","114.63M","-0.03%"
"2019- 01- 31","285.89","288.85","288.87","285.89","153.50M","-0.25%"
"2019- 01- 30","286.62","282.86","286.63","282.24","134.73M","1.28%"
"2019- 01- 29","283.00","281.12","283.00","279.65","130.94M","0.48%"
"2019- 01- 28","281.64","282.56","283.46","280.47","95.97M","-0.01%"
"2019- 01- 25","281.67","277.30","281.72","277.04","115.51M","1.83%"
"2019- 01- 24","276.61","274.10","276.64","273.74","132.86M","1.00%"
"2019- 01- 23","273.87","271.35","274.51","271.03","99.96M","0.43%"
"2019- 01- 22","272.71","274.08","274.60","271.45","68.87M","-0.47%"
"2019- 01- 21","274.00","274.99","275.14","272.29","86.55M","0.04%"
"2019- 01- 18","273.88","273.02","273.95","272.56","78.97M","0.74%"
"2019- 01- 17","271.88","271.66","273.05","270.81","86.75M","0.24%"
"2019- 01- 16","271.23","269.96","271.28","269.05","100.50M","0.48%"
"2019- 01- 15","269.93","265.62","270.02","265.37","87.17M","1.86%"
"2019- 01- 14","264.99","266.22","266.70","264.23","74.93M","-0.80%"
"2019- 01- 11","267.13","266.58","267.58","265.56","81.08M","0.59%"
"2019- 01- 10","265.55","265.73","266.85","264.61","99.83M","-0.02%"
"2019- 01- 09","265.60","260.95","266.05","260.87","98.75M","2.29%"
"2019- 01- 08","259.65","261.29","262.43","259.39","86.91M","-0.73%"
"2019- 01- 07","261.57","261.11","263.13","260.76","92.32M","1.43%"
"2019- 01- 04","257.89","255.62","258.12","254.55","91.20M","0.83%"
"2019- 01- 03","255.77","258.19","258.70","255.35","90.52M","-0.95%"