hid,wage,wage_hourly,ln_wage,ln_wage_hourly,age,w2edu,educ_year
10275,1200,.46153846,7.0900769,-.7731899,20,6,16
11709,1800,2.1634614,7.495542,.77170944,32,6,16
11110,1800,.57692307,7.495542,-.55004632,23,5,14
14416,579,.25305945,6.3613024,-1.3741308,25,6,16
13279,6000,2.8846154,8.6995144,1.0593916,26,6,16
10079,1800,.86538464,7.495542,-.1445812,28,6,16
10867,3000,1.4423077,8.0063677,.36624441,40,8,20
13958,1870,.74919873,7.5336938,-.28875101,23,6,16
12288,960,.38461539,6.8669333,-.95551145,19,4,12
13827,1200,.57692307,7.0900769,-.55004632,24,6,16
10295,960,.46153846,6.8669333,-.7731899,23,5,14
10891,3564,1.3707693,8.1786385,.31537208,29,6,16
14710,,,,,44,5,14
12150,1200,.42735043,7.0900769,-.85015094,25,5,14
14091,1100,.30219781,7.0030656,-1.1966735,32,4,12
14329,648,.2543171,6.4738908,-1.3691733,20,5,14
10181,1153,.41061252,7.0501227,-.89010525,30,4,12
10969,2500,.80128205,7.8240461,-.22154227,28,5,14
12860,2683,.9381119,7.894691,-.063886039,25,6,16
11116,1680,.80769229,7.426549,-.21357413,26,6,16
11831,2000,.80128205,7.6009026,-.22154227,26,6,16
14447,600,.26223776,6.3969297,-1.3385037,24,4,12
10464,2280,1.0961539,7.7319307,.091807559,25,6,16
14038,790,.36172161,6.6720328,-1.0168804,22,5,14
10020,1200,.51282054,7.0900769,-.66782933,30,5,14
10814,1800,.72115386,7.495542,-.32690278,24,6,16
13848,1200,.48076922,7.0900769,-.73236793,24,4,12
10326,1579,.54223901,7.3645473,-.61204839,25,6,16
14058,2973,.98574269,7.9973269,-.014359924,27,6,16
11099,1800,.86538464,7.495542,-.1445812,27,6,16
10974,2500,.80128205,7.8240461,-.22154227,25,6,16
13458,2845,1.3677884,7.9533181,.31319514,28,7,18
12814,,,,,44,4,12
12784,400,.13736264,5.9914646,-1.9851308,30,4,12
11115,720,.28846154,6.5792513,-1.2431935,21,5,14
14222,1440,.61538464,7.2723985,-.48550779,22,4,12
10608,1080,.64903843,6.9847164,-.43226334,37,6,16
12013,1100,.3525641,7.0030656,-1.0425228,24,6,16
13830,1200,.57692307,7.0900769,-.55004632,26,6,16
14895,1440,.57692307,7.2723985,-.55004632,25,6,16
11090,1600,.56980056,7.377759,-.56246889,28,4,12
10867,4883,2.2358057,8.493515,.80460167,44,8,20
11156,2600,.83333331,7.8632669,-.18232158,43,4,12
13699,980,.39262819,6.8875527,-.93489218,21,5,14
11673,1560,.54545456,7.3524413,-.60613579,25,5,14
10116,1377,.66201925,7.2276626,-.41246065,26,4,12
10738,3500,1.6025641,8.1605186,.47160491,27,6,16
14836,3360,1.1538461,8.1196966,.14310084,26,5,14
11729,,,,,40,4,12
14645,1200,.38461539,7.0900769,-.95551145,35,4,12
14189,1200,.32051283,7.0900769,-1.137833,30,5,14
13950,1192,.5730769,7.0833879,-.55673534,25,6,16
10215,2031,.65096152,7.6162834,-.42930475,38,6,16
10418,3700,1.4230769,8.2160883,.35282135,27,6,16
12860,2262,1.0875,7.7240047,.08388146,27,6,16
12744,258,.7087912,5.5529594,-.34419429,28,6,16
12654,1080,.51923078,6.9847164,-.65540683,22,5,14
10007,1800,.86538464,7.495542,-.1445812,28,6,16
14322,1400,.61188811,7.2442274,-.49120584,22,5,14
11266,3800,1.5224359,8.2427559,.42031163,37,4,12
11906,2993,1.1511538,8.0040312,.14076474,27,6,16
10879,3050,2.0947802,8.0228968,.73944861,28,6,16
11412,2990,1.1979166,8.0030289,.18058391,54,4,12
20208,2760,1.3269231,7.922986,.28286284,24,6,16
14794,2400,.96153843,7.7832241,-.039220743,23,6,16
11418,1080,.38461539,6.9847164,-.95551145,26,5,14
12444,1800,.86538464,7.495542,-.1445812,27,6,16
11927,1500,.5151099,7.3132205,-.66337502,36,4,12
10891,3000,1.3111888,8.0063677,.27093422,26,6,16
11945,2040,.93406594,7.6207051,-.068208247,27,6,16
14058,2969,1.4274038,7.9959803,.35585728,25,6,16
11184,600,.28846154,6.3969297,-1.2431935,23,6,16
10382,1200,.57692307,7.0900769,-.55004632,23,5,14
11435,2000,.80128205,7.6009026,-.22154227,25,6,16
11104,1200,.57692307,7.0900769,-.55004632,37,6,16
10118,1500,.48076922,7.3132205,-.73236793,21,6,16
11128,1200,.37220845,7.0900769,-.98830122,25,5,14
12161,1649,.79278845,7.4079242,-.23219886,26,5,14
13679,750,.28846154,6.6200733,-1.2431935,22,6,16
11146,1200,.57692307,7.0900769,-.55004632,26,6,16
11489,2400,.94191521,7.7832241,-.059840016,25,6,16
11503,1080,.45150501,6.9847164,-.79516882,25,6,16
14791,4488,2.1576922,8.4091625,.76903921,24,6,16
13157,2500,1.8491124,7.8240461,.61470574,39,6,16
11361,1320,.63461536,7.1853871,-.4547362,28,6,16
10349,480,.15384616,6.1737862,-1.8718021,29,6,16
11365,330,.10576923,5.7990928,-2.2464957,22,6,16
12785,2000,.96153843,7.6009026,-.039220743,26,6,16
12351,1300,,7.1701198,,27,4,12
11495,810,.28321677,6.6970344,-1.2615427,22,6,16
13225,2400,.76923078,7.7832241,-.26236424,31,7,18
12178,1300,.52083331,7.1701198,-.65232521,28,5,14
11516,1300,.625,7.1701198,-.47000363,28,5,14
13049,600,.21367522,6.3969297,-1.5432981,22,4,12
12146,300,,5.7037826,,27,4,12
10620,2100,1.0096154,7.6496925,.0095694875,24,4,12
10932,3600,1.1538461,8.1886892,.14310084,27,5,14
12837,2400,.92307693,7.7832241,-.080042705,26,6,16
11576,840,2.6923077,6.7334018,.99039871,27,5,14
13768,1320,.57692307,7.1853871,-.55004632,25,5,14
11212,3019,1.0555944,8.012681,.054104064,27,6,16
14802,1200,.57692307,7.0900769,-.55004632,24,5,14
12795,2412,.96634614,7.7882113,-.034233183,25,5,14
12288,492,.23653845,6.1984787,-1.4416444,23,4,12
14256,840,.35897437,6.7334018,-1.0245043,27,4,12
11459,1440,.60200667,7.2723985,-.50748676,21,5,14
13732,900,.43269232,6.8023949,-.83772838,29,5,14
12931,1800,.57692307,7.495542,-.55004632,28,4,12
11700,1440,.55384618,7.2723985,-.59086829,24,6,16
10168,1524,.54273504,7.3290939,-.61113405,37,4,12
12726,1760,.76923078,7.4730692,-.26236424,26,5,14
11709,2308,1.1096153,7.7441368,.10401341,27,6,16
11429,1200,.48076922,7.0900769,-.73236793,24,5,14
14274,1680,.65934068,7.426549,-.4165149,26,5,14
14760,2029,.97548079,7.6152983,-.024824807,28,7,18
13052,2640,1.4505495,7.8785343,.37194243,26,6,16
11446,1920,.73846155,7.5600805,-.30318624,27,6,16
14322,1560,.625,7.3524413,-.47000363,23,5,14
11002,3659,1.7591347,8.2049456,.56482202,25,6,16
14835,1737,.83509618,7.4599147,-.18020837,31,6,16
10931,1440,.46153846,7.2723985,-.7731899,42,4,12
14189,1200,.47095761,7.0900769,-.75298721,29,4,12
10592,1200,.57692307,7.0900769,-.55004632,25,6,16
13745,1200,.47095761,7.0900769,-.75298721,25,5,14
10151,700,.22435898,6.5510802,-1.4945079,23,6,16
14698,,,,,53,2,6
10864,3000,1.4423077,8.0063677,.36624441,29,6,16
14064,1579,.75913459,7.3645473,-.2755762,25,6,16
11338,2000,.76923078,7.6009026,-.26236424,25,6,16
14970,1200,.47095761,7.0900769,-.75298721,22,4,12
11701,1440,.62937063,7.2723985,-.46303496,28,6,16
13992,,,,,46,7,18
14018,700,.32051283,6.5510802,-1.137833,23,6,16
10955,600,.23076923,6.3969297,-1.4663371,28,5,14
12235,640,.30769232,6.4614682,-1.1786549,28,7,18
12396,1800,.86538464,7.495542,-.1445812,21,5,14
12753,1577,.60653847,7.3632798,-.49998713,22,5,14
12092,2200,.70512819,7.6962128,-.34937567,26,4,12
10916,160,.38461539,5.0751739,-.95551145,21,5,14
11129,960,.36923078,6.8669333,-.99633342,27,6,16
11928,1440,.62937063,7.2723985,-.46303496,22,5,14
13387,1842,.75368249,7.5186071,-.2827841,26,5,14
11400,1200,.48076922,7.0900769,-.73236793,32,4,12
13450,1080,.38461539,6.9847164,-.95551145,23,4,12
11994,1000,.35612535,6.9077554,-1.0324725,23,4,12
13087,3000,.99469495,8.0063677,-.0053191734,29,4,12
12840,1756,.62535614,7.4707937,-.46943396,21,5,14
10205,960,.46153846,6.8669333,-.7731899,24,5,14
14461,1200,.57692307,7.0900769,-.55004632,26,5,14
10891,3000,1.3111888,8.0063677,.27093422,27,6,16
13424,3323,1.4523602,8.1086235,.37318993,28,6,16
11620,4304,.71352786,8.3673,-.3375338,29,7,18
10748,1887,.80641025,7.5427437,-.21516266,29,6,16
12051,960,.46153846,6.8669333,-.7731899,37,6,16
11278,1080,.34615386,6.9847164,-1.060872,21,4,12
10286,4000,1.9230769,8.2940493,.65392643,29,6,16
11750,1920,.76923078,7.5600805,-.26236424,26,4,12
14213,960,.38461539,6.8669333,-.95551145,25,4,12
12084,1232,.47384617,7.116394,-.74687254,26,6,16
11349,1900,.81196582,7.5496092,-.20829703,26,6,16
11606,1200,.52447551,7.0900769,-.64535654,21,5,14
12395,4000,1.9230769,8.2940493,.65392643,23,5,14
11873,1300,.3968254,7.1701198,-.92425889,33,4,12
10511,1500,.72115386,7.3132205,-.32690278,27,7,18
10496,3400,1.3076923,8.1315308,.26826397,40,5,14
11810,1440,.57692307,7.2723985,-.55004632,27,4,12
10125,2745,1.3197116,7.9175363,.27741319,27,7,18
10395,1200,.57692307,7.0900769,-.55004632,28,6,16
10235,2000,,7.6009026,,25,6,16
10838,3000,1.4423077,8.0063677,.36624441,39,5,14
11192,2400,1.1538461,7.7832241,.14310084,32,6,16
10910,800,.43956044,6.6846118,-.82198006,20,5,14
12014,1500,.34340659,7.3132205,-1.0688401,29,6,16
13777,1680,.67307693,7.426549,-.39589566,30,5,14
12746,2000,.76923078,7.6009026,-.26236424,26,6,16
13282,2400,1.1538461,7.7832241,.14310084,25,6,16
12523,2400,.92307693,7.7832241,-.080042705,24,6,16
13292,2400,1.1538461,7.7832241,.14310084,29,5,14
14903,1500,.72115386,7.3132205,-.32690278,24,5,14
13754,1080,.43269232,6.9847164,-.83772838,22,5,14
12941,,,,,34,6,16
13159,960,.46153846,6.8669333,-.7731899,21,4,12
10846,1680,.80769229,7.426549,-.21357413,20,5,14
11797,960,.25641027,6.8669333,-1.3609765,20,4,12
11529,2144,.85897434,7.6704288,-.15201624,34,5,14
11937,480,.57692307,6.1737862,-.55004632,20,3,9
23431,140,.044871796,4.9416423,-3.1039457,33,6,16
11266,1500,.72115386,7.3132205,-.32690278,36,5,14
11461,480,.38461539,6.1737862,-.95551145,39,5,14
11434,3000,1.3111888,8.0063677,.27093422,27,6,16
11894,1200,.57692307,7.0900769,-.55004632,23,4,12
11693,1440,.3956044,7.2723985,-.92734057,22,5,14
10345,4436,2.1326923,8.3975086,.75738519,46,6,16
12305,1234,.49439102,7.1180162,-.70442855,33,4,12
12326,3600,1.7307693,8.1886892,.54856598,26,7,18
10508,1080,.37087911,6.9847164,-.99187911,26,5,14
12448,1200,.44378698,7.0900769,-.81241059,24,6,16
10253,1200,.32051283,7.0900769,-1.137833,29,6,16
12976,1800,.7867133,7.495542,-.23989139,28,4,12
10974,1800,.57692307,7.495542,-.55004632,23,6,16
10618,2263,.87038463,7.7244468,-.13882005,37,4,12
13939,250,.10683761,5.521461,-2.2364452,44,6,16
13375,1800,.98901099,7.495542,-.011049836,33,6,16
12421,1080,.34615386,6.9847164,-1.060872,26,4,12
12393,960,.46153846,6.8669333,-.7731899,22,5,14
14257,1795,.70447409,7.4927602,-.35030371,28,5,14
13626,1200,.64102566,7.0900769,-.44468579,20,5,14
11112,1200,.42735043,7.0900769,-.85015094,28,6,16
12117,1000,.48076922,6.9077554,-.73236793,22,4,12
14271,1200,.57692307,7.0900769,-.55004632,24,6,16
13446,2207,1.0610577,7.6993895,.059266228,28,7,18
14254,4004,1.54,8.2950487,.43178239,37,6,16
12149,1358,.52230769,7.2137685,-.6494984,24,6,16
10459,2300,1.1057693,7.7406645,.10054127,32,5,14
12534,1620,.64903843,7.3901815,-.43226334,34,5,14
12253,1800,.69230771,7.495542,-.36772475,24,6,16
12541,2911,1.3995192,7.9762521,.33612874,28,4,12
10970,1200,.38461539,7.0900769,-.95551145,40,4,12
10147,1300,.55555558,7.1701198,-.58778661,25,4,12
11533,1800,.75250834,7.495542,-.28434318,23,5,14
13147,1300,.5,7.1701198,-.69314718,25,4,12
12137,600,.28846154,6.3969297,-1.2431935,32,5,14
13720,1500,.72115386,7.3132205,-.32690278,36,4,12
14763,1800,.57692307,7.495542,-.55004632,26,5,14
10543,250,.1201923,5.521461,-2.1186624,24,4,12
10937,3456,1.1076924,8.1478672,.1022789,28,6,16
12049,2500,.68681318,7.8240461,-.37569296,29,5,14
11235,1650,.79326922,7.4085307,-.23159263,33,5,14
13769,1140,.45673078,7.0387836,-.78366119,24,5,14
12693,,,,,19,4,12
12571,2005,.87631118,7.6033993,-.13203402,29,5,14
10760,1600,.61538464,7.377759,-.48550779,26,6,16
10118,2000,.8741259,7.6009026,-.13453087,23,6,16
12932,2000,.96153843,7.6009026,-.039220743,26,5,14
11415,1080,.51923078,6.9847164,-.65540683,25,6,16
11474,960,.52747256,6.8669333,-.63965845,25,6,16
11289,1440,.62937063,7.2723985,-.46303496,24,5,14
10520,2000,.96153843,7.6009026,-.039220743,31,6,16
11500,1800,.61813188,7.495542,-.48105344,22,5,14
11148,900,.36057693,6.8023949,-1.0200499,26,6,16
11189,,,,,37,3,9
12746,3500,1.3736264,8.1605186,.31745422,28,6,16
10286,3298,1.5855769,8.1010714,.46094832,31,6,16
14816,700,.22435898,6.5510802,-1.4945079,25,4,12
10329,1330,.63942307,7.192934,-.44718897,26,6,16
12711,1551,.54230767,7.3466554,-.61192179,26,6,16
11697,1680,.80769229,7.426549,-.21357413,25,6,16
12067,5237,2.5177884,8.5635042,.92338091,38,7,18
10577,1200,.53667265,7.0900769,-.62236696,28,4,12
11228,500,.38461539,6.2146082,-.95551145,30,4,12
11709,1020,.49038461,6.9275579,-.7125653,29,6,16
12835,2961,1.2941433,7.9932823,.25784895,25,6,16
12126,1800,.62937063,7.495542,-.46303496,25,5,14
11005,3166,1.3529915,8.0602245,.30231804,29,6,16
14806,1500,.60096157,7.3132205,-.5092243,22,5,14
10508,961,.46201923,6.8679743,-.77214873,28,5,14
14402,1199,.52403843,7.0892429,-.64619023,24,4,12
13225,2640,1.1282052,7.8785343,.12062804,31,5,14
14780,2892,.9269231,7.9697037,-.075884677,31,6,16
14788,2130,1.0240384,7.6638775,.023754058,29,5,14
10669,2800,1.3461539,7.9373746,.29725152,27,6,16
11106,960,.46153846,6.8669333,-.7731899,23,5,14
14052,2000,.96153843,7.6009026,-.039220743,30,6,16
12367,2400,.96153843,7.7832241,-.039220743,25,6,16
11374,2096,.83974361,7.6477861,-.17465866,27,4,12
10999,1200,.46153846,7.0900769,-.7731899,35,7,18
14732,300,.14423077,5.7037826,-1.9363407,27,6,16
11159,1549,.74471152,7.345365,-.29475835,28,6,16
10567,1200,.46153846,7.0900769,-.7731899,28,6,16
14887,1300,.56818181,7.1701198,-.56531382,29,4,12
11445,1440,.69230771,7.2723985,-.36772475,23,6,16
10310,910,.36458334,6.8134446,-1.0090001,23,6,16
12448,2414,1.1605769,7.7890406,.14891724,28,4,12
11792,307,.081997864,5.7268476,-2.5010622,23,5,14
13527,1300,.44642857,7.1701198,-.80647588,26,4,12
11847,2160,.83076924,7.6778636,-.18540321,26,4,12
12064,1000,.32051283,6.9077554,-1.137833,23,6,16
11509,1680,.80769229,7.426549,-.21357413,37,6,16
12063,1000,.32051283,6.9077554,-1.137833,23,6,16
10270,500,.16025642,6.2146082,-1.8309802,24,4,12
14786,3016,1.45,8.0116863,.37156358,25,4,12
10933,1600,.6837607,7.377759,-.38014728,27,6,16
11909,2500,1.0016025,7.8240461,.0016012478,39,6,16
10484,1800,.57692307,7.495542,-.55004632,23,4,12
10262,300,.14423077,5.7037826,-1.9363407,26,6,16
10642,1440,.69230771,7.2723985,-.36772475,23,6,16
13233,3731,1.4947916,8.224432,.40198681,29,4,12
12384,1440,.57692307,7.2723985,-.55004632,27,5,14
10710,1340,.64423078,7.2004247,-.43969825,28,6,16
10457,1440,.46153846,7.2723985,-.7731899,27,6,16
14094,1600,.51282054,7.377759,-.66782933,33,4,12
13061,4000,1.7482518,8.2940493,.55861634,33,6,16
10509,1200,.48076922,7.0900769,-.73236793,27,5,14
14791,2400,1.1538461,7.7832241,.14310084,27,6,16
12044,5101,2.4524038,8.5371923,.89706868,37,6,16
10205,960,.34188035,6.8669333,-1.0732944,25,4,12
13629,1121,.53894234,7.0219765,-.61814672,22,5,14
10235,1500,.72115386,7.3132205,-.32690278,23,5,14
13754,1150,.46073717,7.0475173,-.77492756,24,5,14
23140,2160,.76923078,7.6778636,-.26236424,33,4,12
13765,1200,.52447551,7.0900769,-.64535654,25,5,14
11781,1440,.51282054,7.2723985,-.66782933,33,4,12
10196,2985,1.2756411,8.0013552,.24344887,26,6,16
12870,2000,.80128205,7.6009026,-.22154227,33,6,16
11332,960,.30769232,6.8669333,-1.1786549,22,4,12
12218,1800,.86538464,7.495542,-.1445812,28,6,16
14520,1080,.46153846,6.9847164,-.7731899,23,5,14
14474,1440,.46153846,7.2723985,-.7731899,39,6,16
10579,1920,.69666183,7.5600805,-.36145517,43,5,14
10744,3600,1.7307693,8.1886892,.54856598,28,6,16
13479,1106,.45253682,7.0085053,-.79288614,30,4,12
12976,1450,.69711536,7.2793188,-.36080438,29,4,12
12975,2040,.89160842,7.6207051,-.11472823,28,6,16
10580,300,.14423077,5.7037826,-1.9363407,28,6,16
11368,1600,.36630037,7.377759,-1.0043015,20,5,14
14490,1754,.76660842,7.4696541,-.26577914,26,6,16
10909,2000,.85470086,7.6009026,-.15700375,23,6,16
10607,1200,.57692307,7.0900769,-.55004632,25,6,16
13823,2000,.96153843,7.6009026,-.039220743,32,6,16
14912,283,.13605769,5.6454468,-1.9946764,27,6,16
11758,,,,,32,5,14
12308,2653,1.2754807,7.8834462,.24332316,26,7,18
14876,1800,.86538464,7.495542,-.1445812,24,6,16
11688,1440,.69230771,7.2723985,-.36772475,26,6,16
14926,1500,.68681318,7.3132205,-.37569296,30,4,12
10232,1850,.88942307,7.5229411,-.11718226,26,6,16
12036,950,.45673078,6.856462,-.78366119,28,5,14
10829,2400,1.1538461,7.7832241,.14310084,27,6,16
12950,2300,1.1057693,7.7406645,.10054127,30,5,14
13898,1500,.72115386,7.3132205,-.32690278,23,5,14
10356,900,.36057693,6.8023949,-1.0200499,24,6,16
12490,1200,.57692307,7.0900769,-.55004632,25,4,12
13471,4489,2.1581731,8.4093857,.76926208,35,6,16
10720,4800,1.4888338,8.4763708,.39799312,32,7,18
12814,,,,,36,4,12
10667,2650,1.0192307,7.8823147,.019048151,28,6,16
14469,3000,1.1538461,8.0063677,.14310084,29,5,14
10560,1800,1.2362638,7.495542,.21209373,33,6,16
12908,1440,.62937063,7.2723985,-.46303496,27,5,14
11670,360,.14423077,5.8861041,-1.9363407,30,5,14
11400,1800,.86538464,7.495542,-.1445812,27,6,16
10418,3800,1.8269231,8.2427559,.60263318,29,7,18
12002,2597,.90804195,7.862112,-.096464694,26,6,16
13371,,,,,74,2,6
13054,840,.40384614,6.7334018,-.90672129,63,2,6
12734,3944,1.7237762,8.2799511,.54451734,31,6,16
10822,4000,1.9230769,8.2940493,.65392643,47,6,16
10946,350,.15297203,5.857933,-1.8775002,40,4,12
14672,1200,.76923078,7.0900769,-.26236424,51,4,12
11001,,,,,67,2,6
11887,960,.61538464,6.8669333,-.48550779,38,4,12
14834,480,.61538464,6.1737862,-.48550779,48,4,12
12724,260,.27777779,5.5606818,-1.2809339,56,4,12
11798,105,,4.6539602,,71,2,6
11895,1560,.35714287,7.3524413,-1.0296193,40,4,12
11152,1800,.86538464,7.495542,-.1445812,29,6,16
13995,2379,.58653843,7.7744355,-.53351706,49,2,6
14721,,,,,69,1,0
11958,742,.32430071,6.6093493,-1.1260841,71,1,0
12309,,,,,76,1,0
14168,,,,,64,4,12
14020,4486,2.0540292,8.4087172,.71980333,39,6,16
14204,,,,,34,3,9
12449,2529,.77197802,7.8355794,-.2587992,41,4,12
13653,1000,.48076922,6.9077554,-.73236793,65,2,6
13726,,,,,79,1,0
14594,,,,,75,2,6
11503,2000,.53418803,7.6009026,-.62700737,47,3,9
14850,,,,,68,4,12
12780,,,,,69,3,9
10809,6605,2.8868008,8.7955818,1.0601488,52,6,16
12878,600,.096961863,6.3969297,-2.3334374,60,3,9
12530,360,.24725275,5.8861041,-1.3973442,56,3,9
11744,1370,.37637362,7.2225661,-.97717297,29,5,14
14117,,,,,74,1,0
14187,,,,,66,2,6
12909,,,,,69,3,9
13382,600,.24038461,6.3969297,-1.4255151,61,2,6
13474,,,,,37,6,16
13478,2141,.93575174,7.6690283,-.06640508,42,5,14
10427,2013,.70384616,7.6073813,-.35119548,33,6,16
14831,1200,.48076922,7.0900769,-.73236793,44,5,14
11466,4014,1.7543706,8.2975435,.56211013,35,6,16
10680,7200,2.3076923,8.8818359,.83624804,39,8,20
21415,1600,.61538464,7.377759,-.48550779,24,6,16
11864,700,.33653846,6.5510802,-1.0890428,30,6,16
14456,,,,,73,1,0
10134,1500,.40064102,7.3132205,-.91468948,56,3,9
13469,,,,,60,3,9
15011,240,.10989011,5.480639,-2.2082744,42,4,12
13399,360,.11538462,5.8861041,-2.1594841,47,2,6
11016,,,,,46,5,14
13403,180,.13846155,5.1929569,-1.9771626,52,4,12
13374,600,.46153846,6.3969297,-.7731899,57,3,9
11829,1124,.67548078,7.0246491,-.39233056,48,4,12
10501,,,,,60,4,12
13412,765,.29423076,6.6398759,-1.2233909,34,4,12
13414,1320,.37887487,7.1853871,-.97054929,39,5,14
14240,600,.1923077,6.3969297,-1.6486586,33,4,12
14824,,,,,80,1,0
11555,,,,,82,2,6
12255,960,.46153846,6.8669333,-.7731899,60,2,6
13418,1500,.64102566,7.3132205,-.44468579,39,5,14
12662,,,,,87,1,0
14221,,,,,77,3,9
10486,2400,.96153843,7.7832241,-.039220743,43,4,12
13337,,,,,79,1,0
14678,,,,,83,1,0
10002,4303,2.0687499,8.3670673,.72694451,32,5,14
10224,,,,,73,1,0
14820,,,,,78,4,12
11803,,,,,25,4,12
12740,420,.16826923,6.0402546,-1.78219,45,4,12
12820,,,,,68,2,6
10597,7313,3.5158653,8.8974085,1.2572857,42,7,18
14171,,,,,82,1,0
11181,3127,1.0738324,8.0478296,.071233928,28,5,14
14348,,,,,88,1,0
13999,2431,.86574072,7.7960582,-.14416982,54,2,6
13102,3000,1.4423077,8.0063677,.36624441,40,6,16
14816,,,,,72,1,0
11399,960,.29304031,6.8669333,-1.2274451,39,4,12
13047,600,.52447551,6.3969297,-.64535654,54,3,9
13459,,,,,62,4,12
14780,1200,.48076922,7.0900769,-.73236793,56,4,12
13463,,,,,60,3,9
13080,9000,2.0604396,9.1049795,.72291934,33,6,16
14176,,,,,84,1,0
12747,,,,,75,1,0
13612,1200,.57692307,7.0900769,-.55004632,39,4,12
14154,,,,,71,1,0
12194,,,,,60,1,0
11176,,,,,77,2,6
12061,,,,,83,1,0
12776,360,.12362637,5.8861041,-2.0904913,44,3,9
14712,400,.10989011,5.9914646,-2.2082744,54,2,6
14133,,,,,72,2,6
10327,,,,,64,2,6
13756,2728,1.3115385,7.911324,.27120084,35,4,12
12300,1400,.61188811,7.2442274,-.49120584,42,4,12
11419,,,,,70,2,6
13489,,,,,71,1,0
12851,,,,,73,2,6
14004,,,,,73,2,6
11985,,,,,73,2,6
12338,1500,.48076922,7.3132205,-.73236793,43,4,12
12773,604,.29038462,6.403574,-1.2365489,27,6,16
12233,960,.38461539,6.8669333,-.95551145,38,6,16
13501,1800,.57692307,7.495542,-.55004632,36,4,12
14915,240,.096153848,5.480639,-2.3418057,37,4,12
10159,1300,.46296296,7.1701198,-.77010822,56,3,9
11974,,,,,74,1,0
13168,,,,,80,4,12
14123,,,,,67,2,6
11925,,,,,66,3,9
13514,,,,,69,1,0
13825,720,.46153846,6.5792513,-.7731899,45,4,12
11561,600,.48076922,6.3969297,-.73236793,51,3,9
13519,600,.28846154,6.3969297,-1.2431935,59,1,0
10203,,,,,65,3,9
12962,1500,.60096157,7.3132205,-.5092243,39,4,12
12867,1500,.57692307,7.3132205,-.55004632,50,4,12
11551,,,,,73,6,16
14833,,,,,72,2,6
13470,,,,,68,2,6
12311,600,.28846154,6.3969297,-1.2431935,58,2,6
12957,,,,,88,1,0
12228,840,.27851459,6.7334018,-1.2782848,48,2,6
13541,,,,,93,1,0
12787,1800,.76923078,7.495542,-.26236424,47,4,12
10294,70,.089743592,4.2484951,-2.4107985,33,6,16
11776,1971,.86145103,7.5862961,-.14913706,28,5,14
14797,,,,,40,4,12
13562,300,.1923077,5.7037826,-1.6486586,70,3,9
13564,,,,,79,2,6
13809,1600,.43956044,7.377759,-.82198006,65,2,6
14349,,,,,75,2,6
14113,,,,,69,2,6
13577,1800,.72115386,7.495542,-.32690278,49,4,12
12403,1200,.36630037,7.0900769,-1.0043015,39,4,12
13352,,,,,75,1,0
13583,3883,1.8668269,8.2643633,.62424016,42,4,12
13442,,,,,75,2,6
14455,1080,.46153846,6.9847164,-.7731899,26,6,16
11278,1200,.57692307,7.0900769,-.55004632,53,2,6
14752,2109,.67596155,7.6539693,-.39161909,45,4,12
11237,,,,,69,2,6
13472,,,,,61,3,9
11602,6328,2.7657342,8.7527399,1.0173061,49,6,16
12686,5500,2.6442308,8.6125031,.97238022,48,6,16
10550,,,,,75,2,6
13619,1000,.53418803,6.9077554,-.62700737,53,6,16
14451,720,.46153846,6.5792513,-.7731899,36,4,12
13367,720,.46153846,6.5792513,-.7731899,63,4,12
10974,1450,.58092946,7.2793188,-.54312593,55,4,12
13323,864,.50349653,6.7615728,-.68617845,64,1,0
10993,3159,1.51875,8.0580111,.4178876,30,6,16
14386,1200,.46153846,7.0900769,-.7731899,60,1,0
12182,1300,.625,7.1701198,-.47000363,38,4,12
13314,5830,2.8028846,8.6707726,1.0306491,35,6,16
10355,600,.46153846,6.3969297,-.7731899,41,4,12
12727,430,.20673077,6.0637851,-1.5763379,36,4,12
14779,,,,,74,1,0
10204,120,.046153847,4.7874918,-3.0757749,48,2,6
14868,,,,,66,2,6
14986,2500,1.2019231,7.8240461,.18392289,30,6,16
13056,,,,,80,1,0
14089,1200,.29970029,7.0900769,-1.2049724,44,3,9
13284,600,.32051283,6.3969297,-1.137833,47,4,12
13734,1640,.78846157,7.4024515,-.23767161,34,5,14
14876,3000,1.4423077,8.0063677,.36624441,47,5,14
14835,,,,,55,4,12
11257,,,,,74,4,12
13962,50,.064102568,3.9120231,-2.7472708,66,1,0
13278,120,.23076923,4.7874918,-1.4663371,67,3,9
13276,,,,,68,3,9
15000,,,,,82,1,0
10136,,,,,59,2,6
13580,1800,.7867133,7.495542,-.23989139,47,4,12
14219,,,,,35,4,12
11791,805,.38701922,6.6908422,-.94928092,28,4,12
11666,3000,1.4423077,8.0063677,.36624441,35,5,14
11700,7200,3.4615386,8.8818359,1.2417132,49,4,12
14879,600,.27472529,6.3969297,-1.2919836,30,6,16
13247,600,.96153843,6.3969297,-.039220743,57,6,16
11377,,,,,69,2,6
10415,,,,,79,2,6
13358,,,,,84,2,6
10538,1000,.40064102,6.9077554,-.91468948,44,4,12
10681,,,,,64,4,12
10816,687,.33028847,6.5323343,-1.1077888,42,6,16
14883,,,,,75,1,0
13234,1080,.51923078,6.9847164,-.65540683,57,3,9
14900,400,.12820514,5.9914646,-2.0541236,68,2,6
11908,600,.28846154,6.3969297,-1.2431935,50,4,12
10706,4484,2.1557693,8.4082708,.76814765,48,4,12
14347,,,,,72,2,6
10625,1800,.57692307,7.495542,-.55004632,40,6,16
11495,984,.52564102,6.8916259,-.64313674,51,4,12
12879,1440,.69230771,7.2723985,-.36772475,45,3,9
13936,800,.25641027,6.6846118,-1.3609765,56,4,12
10115,,,,,75,2,6
14370,,,,,80,1,0
15009,,,,,77,1,0
13935,2377,.65302199,7.7735944,-.42614448,33,6,16
13461,1200,.32051283,7.0900769,-1.137833,51,4,12
14889,360,.1978022,5.8861041,-1.6204877,70,1,0
10314,,,,,72,2,6
13204,1200,.57692307,7.0900769,-.55004632,39,6,16
12881,400,.17482518,5.9914646,-1.7439688,69,1,0
12868,,,,,86,1,0
12264,,,,,85,2,6
13437,240,.28846154,5.480639,-1.2431935,44,3,9
10284,,,,,71,4,12
13589,1800,.86538464,7.495542,-.1445812,35,4,12
14509,,,,,70,1,0
14911,,,,,74,2,6
13480,936,.40000001,6.8416157,-.9162907,31,5,14
14129,,,,,66,1,0
13654,,,,,84,1,0
12068,4786,2.3009615,8.4734507,.83332705,40,6,16
14897,,,,,66,2,6
13788,,,,,67,1,0
13997,900,,6.8023949,,53,3,9
14817,,,,,69,2,6
12018,1440,,7.2723985,,35,4,12
14242,240,.085470088,5.480639,-2.4595888,43,3,9
13735,600,.20604396,6.3969297,-1.5796658,69,1,0
14639,,,,,69,1,0
13012,3600,1.7307693,8.1886892,.54856598,44,4,12
13889,2000,.96153843,7.6009026,-.039220743,27,6,16
12150,,,,,74,2,6
12883,,,,,86,1,0
10606,600,.34965035,6.3969297,-1.0508217,72,2,6
12020,720,.24725275,6.5792513,-1.3973442,56,2,6
13129,,,,,71,2,6
10666,,,,,66,5,14
11293,,,,,65,2,6
12379,,,,,73,4,12
10555,,,,,85,1,0
10583,,,,,34,5,14
11765,1205,.48277244,7.0942349,-.72820985,49,4,12
14101,,,,,72,1,0
10752,,,,,74,2,6
11748,,,,,71,2,6
11749,,,,,77,2,6
13225,,,,,58,3,9
11021,3400,1.6346154,8.1315308,.49140757,35,6,16
14760,2160,1.0384616,7.6778636,.037740353,26,7,18
14745,,,,,71,1,0
12980,,,,,67,3,9
12911,,,,,76,1,0
12052,100,,4.6051702,,29,4,12
11628,,,,,70,3,9
11509,,,,,66,4,12
10959,900,.43269232,6.8023949,-.83772838,43,4,12
14145,,,,,76,1,0
13593,1200,.46153846,7.0900769,-.7731899,23,4,12
10502,,,,,58,3,9
11323,1200,.48076922,7.0900769,-.73236793,45,4,12
14727,1500,.96153843,7.3132205,-.039220743,44,4,12
12778,,,,,85,1,0
14718,550,.44070512,6.3099184,-.81937927,40,4,12
10917,1000,.32051283,6.9077554,-1.137833,39,4,12
13394,3700,1.7788461,8.2160883,.57596493,40,4,12
10506,,,,,61,4,12
13971,240,.92307693,5.480639,-.080042705,69,4,12
11797,,,,,74,2,6
14127,,,,,84,1,0
12011,,,,,77,1,0
13046,240,.41958043,5.480639,-.86850005,71,2,6
11277,,,,,65,2,6
13039,1066,.51249999,6.9716687,-.66845459,43,4,12
13926,960,.38461539,6.8669333,-.95551145,35,4,12
13799,2471,1.1879808,7.8123784,.17225504,30,4,12
10703,6066,2.5923078,8.7104549,.9525485,33,6,16
10377,4000,1.7482518,8.2940493,.55861634,52,6,16
13093,45,.036057692,3.8066626,-3.3226352,59,2,6
14956,773,.3716346,6.650279,-.98984414,42,4,12
13018,1811,.71075356,7.5016346,-.34142953,32,4,12
11034,,,,,67,2,6
10051,2000,.85470086,7.6009026,-.15700375,40,7,18
10222,1000,.48076922,6.9077554,-.73236793,42,3,9
13303,,,,,66,2,6
10324,,,,,76,1,0
12885,,,,,66,2,6
14036,,,,,41,2,6
13304,5330,2.5625,8.5811062,.94098336,44,6,16
10026,3600,1.5384616,8.1886892,.43078294,45,6,16
10747,96,.03846154,4.5643482,-3.2580965,68,2,6
12624,3500,1.5297203,8.1605186,.42508492,35,6,16
13955,,,,,60,2,6
14836,996,.43531469,6.9037471,-.83168608,53,4,12
10867,,,,,70,2,6
11574,300,.25083613,5.7037826,-1.3829554,58,3,9
14010,1080,.83076924,6.9847164,-.18540321,28,6,16
12756,1800,.66568047,7.495542,-.4069455,31,5,14
12651,,,,,72,6,16
11784,,,,,72,2,6
11966,,,,,85,1,0
13980,2382,1.0410839,7.7756958,.040262412,46,4,12
10710,6000,2.8846154,8.6995144,1.0593916,62,4,12
10425,2500,1.0016025,7.8240461,.0016012478,47,4,12
13998,,,,,81,1,0
12143,800,.32051283,6.6846118,-1.137833,46,3,9
14134,,,,,77,2,6
11222,,,,,75,2,6
13663,,,,,76,6,16
11899,,,,,73,3,9
11596,525,.2804487,6.2633982,-1.2713645,48,3,9
10199,,,,,75,2,6
12507,720,.30769232,6.5792513,-1.1786549,48,4,12
13338,590,.25213677,6.3801227,-1.3777837,49,4,12
13447,440,.18803419,6.0867748,-1.6711315,41,6,16
10587,1920,.51282054,7.5600805,-.66782933,37,4,12
13175,,,,,81,2,6
14428,,,,,81,1,0
14783,2000,.54945058,7.6009026,-.59883648,45,4,12
10603,,,,,73,4,12
10344,1979,.82734114,7.5903468,-.18953817,35,5,14
13943,800,.42735043,6.6846118,-.85015094,37,4,12
12401,,,,,85,2,6
13416,5507,2.4069057,8.6137753,.87834197,44,7,18
13669,2237,.89623398,7.7128911,-.10955377,33,6,16
14174,1204,.52622378,7.0934048,-.64202875,46,3,9
11416,,,,,67,1,0
14822,300,.082417585,5.7037826,-2.4959564,60,2,6
13675,2400,.65934068,7.7832241,-.4165149,42,4,12
13849,,,,,67,3,9
10022,,,,,96,1,0
10050,,,,,54,1,0
12054,,,,,80,1,0
10622,500,.34340659,6.2146082,-1.0688401,61,2,6
13281,,,,,72,2,6
13689,300,.23076923,5.7037826,-1.4663371,29,4,12
10518,2500,.96153843,7.8240461,-.039220743,40,6,16
11048,,,,,75,2,6
10570,,,,,71,2,6
11269,,,,,88,1,0
13824,899,.43221155,6.8012829,-.83884013,54,4,12
11451,,,,,69,1,0
13716,,,,,66,3,9
10132,,,,,68,2,6
12737,3775,1.8149039,8.2361555,.5960325,29,6,16
12843,,,,,70,1,0
13727,,,,,77,2,6
12136,,,,,76,2,6
14418,,,,,82,2,6
13140,3278,1.5759616,8.0949888,.4548656,54,4,12
14398,,,,,71,1,0
21135,2801,1.1970085,7.9377317,.17982551,27,6,16
12524,1173,.40281594,7.0673199,-.90927553,43,4,12
14111,,,,,68,2,6
13747,,,,,78,1,0
13748,3347,1.6091347,8.1158199,.47569656,33,4,12
13702,1500,.37462538,7.3132205,-.98182875,50,3,9
10258,,,,,76,3,9
10505,,,,,65,3,9
10572,138,.33173078,4.9272537,-1.1034316,69,2,6
10235,1200,.57692307,7.0900769,-.55004632,49,4,12
13529,240,.12820514,5.480639,-2.0541236,51,3,9
10376,,,,,85,1,0
13287,,,,,63,4,12
10631,2400,.96153843,7.7832241,-.039220743,37,4,12
10596,4000,1.7482518,8.2940493,.55861634,50,7,18
14513,,,,,73,1,0
12146,,,,,59,1,0
13822,,,,,83,1,0
10971,84,.033653848,4.4308167,-3.3916278,67,3,9
13791,1000,.40064102,6.9077554,-.91468948,37,4,12
11254,1200,.38461539,7.0900769,-.95551145,46,4,12
11702,360,.23076923,5.8861041,-1.4663371,43,4,12
14037,,,,,59,2,6
12716,,,,,70,1,0
14934,,,,,79,2,6
12738,1703,.54583335,7.4401464,-.60544157,47,3,9
13811,600,.24038461,6.3969297,-1.4255151,62,2,6
13814,,,,,86,1,0
13818,720,.34615386,6.5792513,-1.060872,28,4,12
11439,720,.23076923,6.5792513,-1.4663371,52,4,12
10217,1800,1.3846154,7.495542,.32542244,49,4,12
12935,240,.13186814,5.480639,-2.0259528,73,2,6
12290,,,,,66,2,6
12717,2134,1.0259615,7.6657534,.025630239,33,6,16
11195,,,,,75,2,6
13785,,,,,66,2,6
12996,,,,,66,2,6
11294,,,,,71,2,6
11414,1680,1.3461539,7.426549,.29725152,36,8,20
11355,,,,,70,4,12
14318,,,,,40,4,12
14719,,,,,80,1,0
12863,200,,5.2983174,,42,4,12
11855,480,.46153846,6.1737862,-.7731899,39,4,12
12056,,,,,61,2,6
12441,1080,.32967034,6.9847164,-1.1096621,44,4,12
14217,1450,,7.2793188,,34,4,12
14909,400,.17482518,5.9914646,-1.7439688,36,6,16
13905,,,,,77,1,0
14939,2081,.88931626,7.640604,-.11730236,46,4,12
12514,1340,.56020069,7.2004247,-.5794602,49,4,12
13882,,,,,68,2,6
11838,1200,.32967034,7.0900769,-1.1096621,41,4,12
11102,960,.38461539,6.8669333,-.95551145,41,4,12
11680,,,,,91,1,0
14408,,,,,75,1,0
13908,,,,,71,1,0
12689,,,,,74,4,12
11547,1267,.55375874,7.1444073,-.59102619,43,4,12
11444,1800,.48076922,7.495542,-.73236793,55,4,12
12807,,,,,66,3,9
12127,960,.30769232,6.8669333,-1.1786549,49,6,16
14139,,,,,84,1,0
13930,1220,.41895604,7.106606,-.86998928,28,6,16
13865,,,,,74,1,0
11601,1877,.82036716,7.5374298,-.19800329,38,4,12
11230,,,,,71,2,6
12870,,,,,87,1,0
12221,5293,2.5447116,8.5741405,.9340173,36,6,16
11442,,,,,75,2,6
12330,7634,2.9361539,8.9403677,1.0771005,36,6,16
12394,,,,,73,1,0
12997,,,,,76,2,6
14717,,,,,92,1,0
12690,,,,,82,3,9
12802,,,,,51,4,12
14162,,,,,90,1,0
13486,930,.44711539,6.8351846,-.80493855,63,2,6
13050,1000,.33156499,6.9077554,-1.1039314,45,3,9
12344,,,,,81,1,0
10012,3292,1.4068376,8.0992508,.34134433,27,5,14
14422,,,,,72,2,6
14895,960,.38461539,6.8669333,-.95551145,47,4,12
12524,,,,,72,3,9
11765,,,,,81,2,6
14112,,,,,75,2,6
10526,,,,,70,1,0
13978,,,,,74,2,6
12974,2160,.69230771,7.6778636,-.36772475,31,4,12
13805,5059,2.4322116,8.528924,.88880098,45,6,16
14316,,,,,73,1,0
13984,,,,,77,2,6
14675,100,.030525031,4.6051702,-3.4892082,69,1,0
14278,1320,.26442307,7.1853871,-1.330205,49,4,12
13570,1200,.57692307,7.0900769,-.55004632,44,6,16
14578,765,.33435315,6.6398759,-1.0955576,24,4,12
10545,,,,,71,4,12
14016,,,,,81,1,0
11732,700,.22435898,6.5510802,-1.4945079,43,4,12
12839,720,.23076923,6.5792513,-1.4663371,38,4,12
10696,,,,,61,4,12
13454,600,.32967034,6.3969297,-1.1096621,53,5,14
14677,,,,,59,2,6
10123,,,,,68,2,6
14869,,,,,83,1,0
13664,,,,,68,2,6
14014,1322,.57779717,7.1869011,-.54853237,33,6,16
11144,,,,,81,1,0
13956,5000,2.1367521,8.5171928,.759287,40,6,16
12400,1080,.43269232,6.9847164,-.83772838,62,2,6
10623,2398,1.0247864,7.7823901,.024484156,29,6,16
10844,2000,.96153843,7.6009026,-.039220743,49,6,16
13019,1380,.57692307,7.2298388,-.55004632,41,6,16
11893,,,,,76,4,12
14029,,,,,77,2,6
10635,3500,1.3461539,8.1605186,.29725152,48,4,12
11428,500,.20032051,6.2146082,-1.6078366,40,4,12
12280,800,.25641027,6.6846118,-1.3609765,41,4,12
14717,,,,,71,2,6
13084,1200,.38461539,7.0900769,-.95551145,44,4,12
14253,,,,,30,4,12
13975,960,.34188035,6.8669333,-1.0732944,56,3,9
12494,1420,.56891024,7.2584124,-.56403261,52,3,9
12484,,,,,52,2,6
12289,,,,,45,4,12
14018,720,.24725275,6.5792513,-1.3973442,49,4,12
13924,600,.28846154,6.3969297,-1.2431935,36,4,12
20864,3000,1.4423077,8.0063677,.36624441,28,6,16
14061,,,,,61,4,12
11453,,,,,65,2,6
14115,,,,,85,1,0
14664,960,.32967034,6.8669333,-1.1096621,38,4,12
14676,,,,,69,2,6
12517,5000,2.1853147,8.5171928,.7817598,46,7,18
13306,,,,,72,2,6
12401,1800,.72115386,7.495542,-.32690278,53,4,12
11695,,,,,79,1,0
14087,1601,.64142627,7.3783836,-.44406104,38,3,9
11231,1641,.45082417,7.4030609,-.79667789,50,4,12
13408,,,,,68,2,6
12192,500,.32051283,6.2146082,-1.137833,46,2,6
14099,,,,,73,1,0
14100,200,.080128208,5.2983174,-2.5241272,68,2,6
11225,,,,,67,3,9
13877,,,,,75,1,0
10454,200,.25641027,5.2983174,-1.3609765,66,4,12
13488,,,,,67,2,6
10103,960,.34188035,6.8669333,-1.0732944,31,4,12
14828,4000,1.9230769,8.2940493,.65392643,33,6,16
11643,,,,,66,3,9
10961,960,.36923078,6.8669333,-.99633342,61,4,12
14697,,,,,75,2,6
10845,1200,.41958043,7.0900769,-.86850005,36,6,16
14260,3164,1.3828671,8.0595922,.32415894,36,5,14
11094,,,,,71,2,6
11625,,,,,83,1,0
11543,,,,,69,2,6
13034,,,,,75,1,0
14959,,,,,77,1,0
14631,,,,,66,2,6
10060,1200,.51282054,7.0900769,-.66782933,26,4,12
13116,4699,2.0081196,8.4551048,.69719875,33,6,16
24151,1384,.60489511,7.2327332,-.50270021,32,5,14
14132,,,,,57,2,6
14898,1642,.65785259,7.4036703,-.4187744,41,4,12
11330,1080,.43269232,6.9847164,-.83772838,50,4,12
13308,1920,.92307693,7.5600805,-.080042705,26,4,12
11946,,,,,66,4,12
14136,,,,,79,1,0
12891,960,.46153846,6.8669333,-.7731899,46,4,12
11127,,,,,66,2,6
13550,1200,.48076922,7.0900769,-.73236793,46,3,9
10741,4300,2.0673077,8.3663702,.72624713,31,6,16
13598,1500,.72115386,7.3132205,-.32690278,40,4,12
14605,100,.034340661,4.6051702,-3.3714252,71,1,0
14147,612,.19615385,6.4167323,-1.6288559,33,5,14
14153,840,.33653846,6.7334018,-1.0890428,33,4,12
13834,,,,,77,1,0
12531,,,,,63,3,9
14160,420,.29914531,6.0402546,-1.2068259,56,2,6
13532,3344,1.1483517,8.1149225,.13832758,29,5,14
10457,700,.44871795,6.5510802,-.80136079,51,4,12
10212,,,,,65,2,6
11046,,,,,66,2,6
14462,,,,,86,2,6
14545,,,,,63,2,6
11119,1200,.48076922,7.0900769,-.73236793,44,4,12
12861,1500,.56561089,7.3132205,-.5698489,48,2,6
12752,400,.1923077,5.9914646,-1.6486586,31,5,14
14407,,,,,84,1,0
11836,3068,1.475,8.0287809,.38865802,43,7,18
12758,480,.23076923,6.1737862,-1.4663371,30,6,16
14574,1080,.43269232,6.9847164,-.83772838,53,2,6
14001,480,.30769232,6.1737862,-1.1786549,61,2,6
12250,2300,1.0052447,7.7406645,.0052310261,27,4,12
14186,300,.82417583,5.7037826,-.19337139,59,3,9
10871,,,,,67,3,9
10073,2500,1.3736264,7.8240461,.31745422,46,4,12
12079,5400,2.1193092,8.5941544,.75109017,53,7,18
14291,,,,,62,4,12
14190,1800,.86538464,7.495542,-.1445812,38,4,12
12769,,,,,67,3,9
11238,,,,,76,2,6
10795,,,,,72,2,6
14208,,,,,76,2,6
14557,1200,.47095761,7.0900769,-.75298721,45,4,12
11140,3000,1.2820513,8.0063677,.2484614,32,5,14
13772,960,.38461539,6.8669333,-.95551145,40,4,12
13551,,,,,69,2,6
13820,,,,,82,1,0
12526,1200,.57692307,7.0900769,-.55004632,31,4,12
14708,,,,,71,2,6
11957,,,,,66,2,6
10996,1700,.743007,7.4383836,-.29704982,54,5,14
13346,1809,3.4788461,7.5005293,1.2467006,31,6,16
11518,,,,,58,1,0
14992,660,.31730768,6.49224,-1.1478834,62,2,6
12615,1200,.57692307,7.0900769,-.55004632,51,4,12
14450,1200,.38461539,7.0900769,-.95551145,31,6,16
14241,,,,,67,2,6
12472,800,.25641027,6.6846118,-1.3609765,50,4,12
14751,1500,.48076922,7.3132205,-.73236793,50,4,12
12164,,,,,78,1,0
13528,1888,.75641024,7.5432734,-.27917141,54,3,9
11077,1200,.28846154,7.0900769,-1.2431935,57,4,12
11726,,,,,67,3,9
14251,1200,.39113429,7.0900769,-.93870431,32,5,14
10080,,,,,72,1,0
11667,,,,,68,2,6
13395,1200,1.1538461,7.0900769,.14310084,39,6,16
12039,6000,2.8846154,8.6995144,1.0593916,54,7,18
11800,,,,,67,2,6
14025,1800,.41208792,7.495542,-.88651854,47,3,9
14258,,,,,67,2,6
12495,,,,,65,2,6
14916,400,.16025642,5.9914646,-1.8309802,36,5,14
12085,,,,,70,2,6
14500,3258,1.5663462,8.0888691,.44874564,35,6,16
12563,6000,2.8846154,8.6995144,1.0593916,34,7,18
11852,4857,2.3350961,8.4881763,.84805304,38,6,16
13134,,,,,51,4,12
14272,,,,,80,2,6
14273,,,,,66,2,6
14449,,,,,63,2,6
11300,,,,,76,2,6
11661,,,,,73,3,9
12855,1209,.58125001,7.097549,-.54257429,41,4,12
14548,1930,.68732196,7.5652752,-.37495244,49,2,6
14290,2589,1.2447115,7.8590269,.21890379,42,4,12
11594,4428,1.9353147,8.3957033,.66026992,34,6,16
12664,,,,,81,1,0
14425,,,,,74,1,0
14297,400,.21978022,5.9914646,-1.5151272,40,6,16
13643,,,,,72,1,0
10259,,,,,79,1,0
11185,2400,1.1538461,7.7832241,.14310084,39,6,16
13396,2532,1.2173077,7.8367648,.19664161,46,5,14
13051,1200,.38461539,7.0900769,-.95551145,46,2,6
14348,,,,,66,2,6
13640,,,,,69,2,6
14653,,,,,64,3,9
11105,,,,,72,1,0
14480,2160,1.0384616,7.6778636,.037740353,31,6,16
10178,1600,.47337279,7.377759,-.74787205,31,6,16
12033,2394,1.0463287,7.7807207,.045287527,48,4,12
22467,1800,.86538464,7.495542,-.1445812,27,6,16
11833,,,,,68,1,0
14344,1180,.56730771,7.0732698,-.5668534,42,4,12
11429,1200,.41208792,7.0900769,-.88651854,46,3,9
13226,,,,,79,2,6
11354,1080,.43269232,6.9847164,-.83772838,32,4,12
11141,,,,,78,2,6
12814,1800,.48076922,7.495542,-.73236793,41,4,12
14262,550,.21153846,6.3099184,-1.5533484,26,6,16
12408,,,,,77,4,12
14445,,,,,76,2,6
14118,,,,,79,2,6
11245,,,,,77,2,6
14135,,,,,73,1,0
11933,,,,,70,3,9
14369,,,,,66,2,6
14243,1140,.34798536,7.0387836,-1.0555949,44,4,12
12470,,,,,78,1,0
10958,,,,,71,2,6
14378,120,.092307694,4.7874918,-2.3826277,65,1,0
11341,1200,.41208792,7.0900769,-.88651854,42,6,16
12516,3354,1.5357143,8.1179085,.42899561,29,7,18
14385,,,,,69,2,6
13672,1000,.54945058,6.9077554,-.59883648,43,4,12
11878,6137,2.1458042,8.7220917,.7635144,49,6,16
12493,800,.25641027,6.6846118,-1.3609765,47,4,12
15006,,,,,83,1,0
13151,4000,1.9230769,8.2940493,.65392643,36,6,16
12493,,,,,75,2,6
13952,,,,,76,1,0
14139,500,.13736264,6.2146082,-1.9851308,50,1,0
14403,3600,1.7307693,8.1886892,.54856598,42,5,14
14406,,,,,67,2,6
12104,,,,,74,1,0
10116,1683,.54856586,7.4283333,-.60044795,28,5,14
10009,600,.64102566,6.3969297,-.44468579,61,4,12
13326,,,,,76,3,9
14888,1200,.32051283,7.0900769,-1.137833,38,4,12
14417,,,,,72,2,6
12179,,,,,66,2,6
12538,,,,,69,3,9
11546,,,,,74,2,6
14724,50,.045787547,3.9120231,-3.0837431,56,2,6
11775,,,,,61,3,9
14411,,,,,70,1,0
14958,1720,.68910259,7.4500794,-.37236512,47,5,14
12083,,,,,66,2,6
11015,,,,,61,6,16
10239,,,,,67,3,9
10323,2000,.96153843,7.6009026,-.039220743,28,5,14
12796,,,,,67,1,0
14646,1200,.38461539,7.0900769,-.95551145,42,4,12
11289,1015,.48798078,6.9226437,-.71747923,44,5,14
10146,,,,,69,1,0
12988,,,,,69,1,0
11055,,,,,66,2,6
14635,840,.40384614,6.7334018,-.90672129,46,4,12
13162,960,.76923078,6.8669333,-.26236424,47,3,9
14044,,,,,77,1,0
10285,910,.5,6.8134446,-.69314718,40,4,12
12775,1740,.46474358,7.4616404,-.76626945,47,4,12
13844,1600,.49627793,7.377759,-.70061916,49,4,12
12215,1000,.43706295,6.9077554,-.82767802,52,4,12
12767,1250,,7.130899,,50,6,16
12748,1068,.45641026,6.9735432,-.78436321,30,6,16
12469,,,,,65,2,6
11412,,,,,75,3,9
13500,148,.071153849,4.9972124,-2.642911,40,4,12
12261,,,,,65,2,6
11404,,,,,66,3,9
11380,1800,.57692307,7.495542,-.55004632,49,3,9
12925,2000,.64102566,7.6009026,-.44468579,30,4,12
11241,,,,,72,2,6
12742,,,,,74,1,0
11295,1000,1.2820513,6.9077554,.2484614,40,4,12
12736,2000,.78492934,7.6009026,-.24216159,29,6,16
13337,,,,,53,3,9
11283,300,.10683761,5.7037826,-2.2364452,55,2,6
14345,,,,,70,1,0
12824,1080,.47202796,6.9847164,-.75071704,29,4,12
12718,1705,.81971157,7.4413204,-.19880275,31,5,14
14216,1200,.57692307,7.0900769,-.55004632,30,6,16
12208,270,.11800699,5.5984221,-2.1370115,28,4,12
11161,2000,.96153843,7.6009026,-.039220743,43,7,18
12299,2900,.94524121,7.972466,-.056315131,40,4,12
12762,,,,,78,2,6
12679,160,.07692308,5.0751739,-2.5649493,40,6,16
14013,1290,.62019229,7.1623974,-.47772571,28,6,16
12671,,,,,71,1,0
13210,,,,,85,4,12
12057,,,,,75,1,0
13473,,,,,70,1,0
11070,2135,.91239315,7.6662221,-.091684297,32,5,14
11877,4647,2.2341347,8.4439774,.80385399,38,6,16
12593,1200,.52447551,7.0900769,-.64535654,35,4,12
10817,1800,.86538464,7.495542,-.1445812,49,6,16
14252,,,,,65,2,6
14720,,,,,68,6,16
14246,2006,.96442306,7.603898,-.036225222,30,5,14
12540,,,,,76,2,6
12404,,,,,76,2,6
14159,,,,,66,2,6
10890,,,,,88,2,6
12211,1400,.50798261,7.2442274,-.67730808,55,3,9
14593,,,,,83,1,0
11470,4264,1.7446809,8.3579626,.55657166,30,6,16
12048,,,,,72,3,9
15004,,,,,68,1,0
12523,,,,,49,4,12
12094,,,,,66,2,6
10540,840,.80769229,6.7334018,-.21357413,53,3,9
13840,800,.38461539,6.6846118,-.95551145,61,2,6
11199,,,,,72,6,16
13007,500,.17806268,6.2146082,-1.7256197,32,4,12
11203,,,,,75,1,0
13319,1697,.66601259,7.4366174,-.40644673,47,3,9
11860,1000,.40064102,6.9077554,-.91468948,46,4,12
14233,3000,.96153843,8.0063677,-.039220743,29,6,16
14726,,,,,67,1,0
13738,3048,1.4653846,8.0222406,.38211775,35,4,12
12755,2150,.91880339,7.673223,-.084683113,34,5,14
14629,,,,,70,2,6
10560,,,,,75,2,6
14067,1300,,7.1701198,,32,5,14
13339,160,.073260076,5.0751739,-2.6137395,42,4,12
13081,5000,1.9623234,8.5171928,.67412919,40,7,18
14102,,,,,85,1,0
11786,,,,,72,1,0
14848,4190,1.6115384,8.340456,.47718924,35,6,16
11834,1000,.48076922,6.9077554,-.73236793,38,4,12
14977,,,,,79,1,0
12466,1500,.60096157,7.3132205,-.5092243,39,4,12
15003,600,.1923077,6.3969297,-1.6486586,48,2,6
11202,,,,,74,1,0
10519,1800,.67873305,7.495542,-.38752738,38,4,12
11423,1200,.38461539,7.0900769,-.95551145,56,3,9
11372,,,,,76,2,6
12707,2904,1.3961538,7.9738445,.33372116,42,6,16
14448,,,,,71,1,0
12490,1800,.57692307,7.495542,-.55004632,50,4,12
12425,1819,.79501748,7.506042,-.22939117,45,6,16
12419,1200,.57692307,7.0900769,-.55004632,36,4,12
12310,960,.46153846,6.8669333,-.7731899,44,5,14
11374,,,,,79,1,0
11215,,,,,79,1,0
13083,5000,2.4038463,8.5171928,.87707007,52,4,12
12378,1080,.41538462,6.9847164,-.87855041,21,3,9
11403,240,1.5384616,5.480639,.43078294,71,3,9
10594,1180,.56730771,7.0732698,-.5668534,34,7,18
14843,240,.18461539,5.480639,-1.6894805,69,2,6
12145,,,,,74,1,0
10423,,,,,66,4,12
10745,,,,,76,4,12
10580,960,.37676609,6.8669333,-.97613072,53,3,9
14649,1200,.32967034,7.0900769,-1.1096621,39,4,12
10147,1800,.57692307,7.495542,-.55004632,49,4,12
11572,,,,,61,3,9
11485,960,.38461539,6.8669333,-.95551145,45,2,6
12193,,,,,56,1,0
11590,,,,,88,1,0
12363,2400,.96153843,7.7832241,-.039220743,44,4,12
10069,2400,1.1538461,7.7832241,.14310084,47,6,16
12359,,,,,60,3,9
13684,1800,.69230771,7.495542,-.36772475,27,4,12
13980,,,,,72,1,0
11457,1200,.41208792,7.0900769,-.88651854,40,4,12
13628,2000,.96153843,7.6009026,-.039220743,48,4,12
12303,700,.32051283,6.5510802,-1.137833,65,2,6
14823,,,,,74,1,0
12181,960,.61538464,6.8669333,-.48550779,67,2,6
12335,,,,,81,2,6
12433,5636,2.4632866,8.6369295,.90149647,49,4,12
12328,600,.96153843,6.3969297,-.039220743,39,7,18
14066,300,.38461539,5.7037826,-.95551145,22,4,12
12411,60,.048076924,4.0943446,-3.0349529,33,4,12
14184,960,.41025642,6.8669333,-.89097291,53,2,6
13241,1600,.58055151,7.377759,-.54377675,32,4,12
12307,700,.67307693,6.5510802,-.39589566,30,6,16
11436,420,.33653846,6.0402546,-1.0890428,72,1,0
14484,,,,,75,2,6
11217,,,,,81,2,6
12075,,,,,61,3,9
12128,6283,3.020673,8.7456026,1.1054797,48,7,18
12410,1440,.69230771,7.2723985,-.36772475,57,1,0
14910,,,,,39,6,16
11919,,,,,80,1,0
13027,792,.38076922,6.6745615,-.96556181,51,3,9
14137,1200,.27472529,7.0900769,-1.2919836,41,4,12
14350,720,.28846154,6.5792513,-1.2431935,62,1,0
14652,,,,,68,3,9
13487,1029,.49471155,6.9363427,-.70378041,57,2,6
11854,,,,,68,2,6
12242,5193,2.038069,8.5550671,.71200281,39,5,14
14075,,,,,75,1,0
11521,1200,.32967034,7.0900769,-1.1096621,55,2,6
13660,,,,,67,1,0
14800,,,,,74,2,6
14341,,,,,72,2,6
14648,1440,.61538464,7.2723985,-.48550779,38,5,14
12605,,,,,76,3,9
12491,,,,,67,2,6
13626,1500,.72115386,7.3132205,-.32690278,43,4,12
14555,2384,.76410258,7.776535,-.26905322,43,4,12
12838,1809,.86971152,7.5005293,-.13959371,30,6,16
12372,1080,.34615386,6.9847164,-1.060872,48,4,12
14547,,,,,70,2,6
14470,840,.36713287,6.7334018,-1.0020314,48,3,9
12007,450,.16025642,6.1092477,-1.8309802,28,5,14
13582,2000,.96153843,7.6009026,-.039220743,48,4,12
14409,720,.30769232,6.5792513,-1.1786549,60,3,9
11469,,,,,74,2,6
12132,680,.32692307,6.5220928,-1.1180304,32,6,16
12195,500,.34340659,6.2146082,-1.0688401,39,4,12
14346,,,,,72,1,0
12160,,,,,72,2,6
11819,600,.26223776,6.3969297,-1.3385037,45,4,12
12672,4921,1.7524929,8.5012674,.56103927,41,6,16
13001,840,1.4685315,6.7334018,.38426292,40,5,14
10119,4200,2.0192308,8.3428402,.70271665,31,6,16
14514,,,,,66,1,0
13438,1000,.48076922,6.9077554,-.73236793,36,5,14
14668,130,.035714287,4.8675346,-3.3322046,74,2,6
12101,,,,,81,1,0
13992,,,,,73,2,6
14235,,,,,74,1,0
11440,,,,,40,4,12
11932,,,,,68,1,0
11604,720,.34615386,6.5792513,-1.060872,41,6,16
14027,,,,,74,1,0
10640,1800,.64102566,7.495542,-.44468579,45,6,16
12106,,,,,80,1,0
10515,1200,.57692307,7.0900769,-.55004632,57,3,9
11852,,,,,66,2,6
11862,,,,,68,2,6
12008,960,.46153846,6.8669333,-.7731899,48,3,9
10881,1000,.48076922,6.9077554,-.73236793,47,4,12
14054,,,,,72,2,6
13131,2652,1.02,7.8830695,.019802609,28,7,18
14999,3670,1.7644231,8.2079468,.56782383,44,4,12
12081,2567,1.2341347,7.850493,.21037005,33,5,14
11151,,,,,70,3,9
14373,,,,,83,1,0
14104,2000,.80128205,7.6009026,-.22154227,38,4,12
11799,,,,,67,3,9
10514,800,.90497738,6.6846118,-.099845327,44,4,12
12270,600,.16483517,6.3969297,-1.8028092,39,4,12
11937,600,.1923077,6.3969297,-1.6486586,21,3,9
12180,800,.25641027,6.6846118,-1.3609765,63,1,0
12651,3800,1.6608392,8.2427559,.50732303,38,6,16
10049,600,.24038461,6.3969297,-1.4255151,42,3,9
14305,,,,,79,1,0
13558,1800,.49450549,7.495542,-.70419699,52,4,12
12051,,,,,62,3,9
12186,1329,.6389423,7.1921821,-.44794112,43,4,12
14125,160,.1025641,5.0751739,-2.2772672,60,1,0
12047,3500,1.6826923,8.1605186,.52039504,59,6,16
13155,1000,.43706295,6.9077554,-.82767802,52,3,9
11459,4979,2.39375,8.5129843,.87286115,47,4,12
14256,,,,,69,3,9
10525,1247,.532906,7.1284962,-.62941027,46,3,9
13860,1100,.42307693,7.0030656,-.86020124,62,3,9
11131,990,.3525641,6.8977051,-1.0425228,45,2,6
10002,,,,,76,1,0
14564,,,,,67,2,6
10234,1300,.52083331,7.1701198,-.65232521,44,2,6
14705,,,,,65,1,0
10207,,,,,67,4,12
13142,4464,1.9076923,8.403801,.64589429,34,6,16
11998,2729,1.3120192,7.9116907,.27156734,33,6,16
12460,,,,,73,2,6
14943,3611,1.5431623,8.19174,.43383378,31,4,12
13365,600,.28846154,6.3969297,-1.2431935,75,1,0
14392,,,,,74,1,0
12033,,,,,85,1,0
11980,1640,.75091577,7.4024515,-.2864618,41,4,12
12082,1560,.55555558,7.3524413,-.58778661,27,5,14
12541,720,.28846154,6.5792513,-1.2431935,54,2,6
11969,,,,,74,2,6
10887,,,,,65,8,20
12797,600,.27472529,6.3969297,-1.2919836,46,3,9
13353,,,,,65,2,6
12991,400,,5.9914646,,70,2,6
11983,,,,,79,2,6
11956,288,.55384618,5.6629605,-.59086829,51,2,6
11064,6137,2.3603847,8.7220917,.85882461,48,7,18
13394,,,,,69,2,6
13506,1000,.33738193,6.9077554,-1.0865396,39,5,14
12336,,,,,71,1,0
11218,,,,,71,3,9
13135,870,.33461538,6.7684932,-1.0947735,39,6,16
14248,1600,.6837607,7.377759,-.38014728,37,5,14
13949,,,,,55,4,12
11929,,,,,66,3,9
11379,1560,.625,7.3524413,-.47000363,33,5,14
14127,,,,,64,1,0
13136,,,,,74,4,12
10528,960,.46153846,6.8669333,-.7731899,51,3,9
11783,4283,2.0591347,8.3624086,.72228587,34,6,16
11909,2400,1.1538461,7.7832241,.14310084,35,6,16
14397,900,.32051283,6.8023949,-1.137833,40,3,9
14994,,,,,73,1,0
14757,1382,.66442305,7.231287,-.40883622,31,5,14
14393,600,.13736264,6.3969297,-1.9851308,59,2,6
11896,,,,,80,1,0
11138,3000,4.1208792,8.0063677,1.4160665,46,6,16
14300,100,.024975024,4.6051702,-3.6898789,71,1,0
11502,,,,,68,2,6
10554,,,,,72,1,0
12117,,,,,66,3,9
14460,45,.030906593,3.8066626,-3.4767857,64,4,12
13754,1320,.57692307,7.1853871,-.55004632,48,4,12
11373,,,,,77,2,6
14289,,,,,53,4,12
10709,2000,.67476386,7.6009026,-.3933925,34,4,12
12204,2630,1.2644231,7.8747392,.234616,41,7,18
14526,,,,,61,3,9
11322,2826,1.2351398,7.9466176,.2111842,34,6,16
14522,,,,,72,2,6
14627,,,,,73,2,6
14368,960,.30769232,6.8669333,-1.1786549,41,3,9
10739,,,,,86,2,6
10085,1200,.51282054,7.0900769,-.66782933,55,4,12
12120,1500,.45787546,7.3132205,-.78115803,35,4,12
11837,,,,,67,1,0
12691,,,,,77,2,6
14146,1200,.38461539,7.0900769,-.95551145,39,4,12
12348,,,,,79,1,0
11321,540,.25961539,6.2915692,-1.348554,48,4,12
13179,1200,.57692307,7.0900769,-.55004632,37,4,12
12076,,,,,78,1,0
11809,2331,.99615383,7.7540526,-.0038535839,44,4,12
11811,1884,.90576923,7.5411525,-.098970719,38,4,12
13053,339,.16298077,5.8260002,-1.814123,39,4,12
10684,870,.83653843,6.7684932,-.17848282,51,6,16
11871,4180,2.0096154,8.3380661,.69794339,40,4,12
12730,180,.0989011,5.1929569,-2.3136349,78,1,0
14788,,,,,83,1,0
11366,,,,,66,3,9
14644,5059,2.1619658,8.528924,.77101791,40,6,16
12144,,,,,74,2,6
10827,4767,2.291827,8.4694729,.82934928,41,6,16
10364,1200,.42735043,7.0900769,-.85015094,39,4,12
10238,240,.096153848,5.480639,-2.3418057,37,4,12
11657,1100,.44070512,7.0030656,-.81937927,48,6,16
14796,1200,.41208792,7.0900769,-.88651854,41,6,16
14218,3398,1.4851398,8.1309423,.39550894,27,6,16
10450,2400,1.1538461,7.7832241,.14310084,39,6,16
10459,1000,.40064102,6.9077554,-.91468948,51,3,9
11116,,,,,79,2,6
10896,,,,,77,2,6
11855,,,,,74,1,0
14430,,,,,49,2,6
13044,2400,1.1538461,7.7832241,.14310084,29,5,14
11740,360,.17307693,5.8861041,-1.7540191,47,4,12
13696,,,,,79,2,6
12483,1500,1.1538461,7.3132205,.14310084,58,4,12
14270,240,.46153846,5.480639,-.7731899,47,4,12
11025,3000,.96153843,8.0063677,-.039220743,31,7,18
11061,4000,1.9230769,8.2940493,.65392643,46,6,16
12862,800,.25641027,6.6846118,-1.3609765,63,1,0
13458,960,.30769232,6.8669333,-1.1786549,56,2,6
10107,3191,1.5341346,8.0680895,.42796648,35,6,16
12902,3600,1.7307693,8.1886892,.54856598,42,4,12
14472,140,.13461539,4.9416423,-2.0053334,56,3,9
13104,1200,.52447551,7.0900769,-.64535654,35,4,12
13256,120,.15384616,4.7874918,-1.8718021,71,1,0
12010,700,.44871795,6.5510802,-.80136079,58,3,9
10076,300,.10683761,5.7037826,-2.2364452,34,4,12
11678,,,,,70,2,6
14400,1106,.53173077,7.0085053,-.63161796,50,6,16
14729,,,,,74,2,6
14804,,,,,65,2,6
14933,,,,,93,2,6
14484,1440,.38461539,7.2723985,-.95551145,47,5,14
13099,420,.33653846,6.0402546,-1.0890428,49,3,9
13201,,,,,76,1,0
14294,3711,1.6991758,8.2190571,.53014332,47,4,12
10202,,,,,69,2,6
11694,1200,.38461539,7.0900769,-.95551145,52,3,9
10490,780,.60000002,6.6592941,-.51082557,48,4,12
10880,1200,.32967034,7.0900769,-1.1096621,62,4,12
13484,1200,.41208792,7.0900769,-.88651854,60,3,9
10016,,,,,73,4,12
13743,1800,.86538464,7.495542,-.1445812,41,4,12
12196,,,,,85,2,6
11421,,,,,71,2,6
13991,550,.26442307,6.3099184,-1.330205,42,4,12
14700,320,.13675214,5.768321,-1.9895852,62,2,6
13167,480,2.3076923,6.1737862,.83624804,27,6,16
10322,2451,.67335165,7.8042512,-.39548758,32,5,14
10701,4009,1.5733908,8.2962971,.45323306,36,7,18
12095,1800,.32967034,7.495542,-1.1096621,47,3,9
11585,2500,1.2019231,7.8240461,.18392289,35,6,16
11581,1000,.54945058,6.9077554,-.59883648,48,4,12
11130,720,.30769232,6.5792513,-1.1786549,59,2,6
10873,,,,,82,3,9
14882,960,.46153846,6.8669333,-.7731899,46,4,12
12869,,,,,68,2,6
10820,8000,3.4188035,8.9871969,1.2292906,33,6,16
10723,2400,1.8461539,7.7832241,.61310446,58,7,18
10205,560,.25641027,6.3279366,-1.3609765,42,2,6
11960,720,.32967034,6.5792513,-1.1096621,65,2,6
11566,1200,.64102566,7.0900769,-.44468579,38,4,12
12187,,,,,76,2,6
10237,,,,,80,3,9
11695,1032,.25774226,6.9392538,-1.3557951,51,3,9
11265,,,,,77,2,6
12795,1320,.47008547,7.1853871,-.75484073,50,3,9
10890,6000,2.8846154,8.6995144,1.0593916,54,6,16
11544,,,,,56,2,6
13078,1080,.51923078,6.9847164,-.65540683,37,4,12
14970,200,.12820514,5.2983174,-2.0541236,47,4,12
14051,1200,.20604396,7.0900769,-1.5796658,48,3,9
13077,2000,.80128205,7.6009026,-.22154227,47,4,12
11528,960,.38461539,6.8669333,-.95551145,63,1,0
11505,,,,,68,3,9
14452,1540,.74038464,7.3395376,-.30058545,58,2,6
11244,,,,,89,1,0
22091,2400,.79575598,7.7832241,-.2284627,30,6,16
12511,,,,,93,2,6
13067,,,,,69,4,12
14079,,,,,68,1,0
13504,6,.0072115385,1.7917595,-4.9320731,74,3,9
12895,,,,,72,2,6
11363,,,,,70,2,6
10685,,,,,83,5,14
14324,960,.43956044,6.8669333,-.82198006,42,4,12
11481,,,,,82,1,0
11476,,,,,70,4,12
10463,2160,.57692307,7.6778636,-.55004632,59,2,6
13977,210,.13461539,5.3471074,-2.0053334,66,2,6
14569,2242,.51327837,7.7151237,-.66693693,37,4,12
11907,1440,.46153846,7.2723985,-.7731899,43,3,9
12288,1080,.47202796,6.9847164,-.75071704,46,4,12
11103,1200,.38461539,7.0900769,-.95551145,54,2,6
11788,2412,1.1596154,7.7882113,.1480884,51,3,9
11830,4535,1.9820805,8.4195805,.68414706,43,4,12
12639,4800,1.9639934,8.4763708,.67497987,35,8,20
12479,1200,.48076922,7.0900769,-.73236793,37,6,16
11449,600,.23076923,6.3969297,-1.4663371,60,2,6
12969,,,,,55,3,9
11098,,,,,71,2,6
13375,,,,,70,4,12
13208,,,,,73,2,6
13521,600,.28846154,6.3969297,-1.2431935,70,1,0
13240,,,,,72,6,16
10050,,,,,54,1,0
11497,100,,4.6051702,,71,1,0
11623,700,.56089741,6.5510802,-.57821727,45,4,12
12470,4832,1.7207978,8.483016,.54278803,51,3,9
13132,,,,,62,2,6
14140,720,.27692309,6.5792513,-1.2840154,56,2,6
11621,960,.46153846,6.8669333,-.7731899,52,2,6
10010,1200,.41958043,7.0900769,-.86850005,48,2,6
14122,,,,,66,2,6
12992,960,.61538464,6.8669333,-.48550779,30,6,16
11115,840,.28846154,6.7334018,-1.2431935,45,4,12
14890,1000,.48076922,6.9077554,-.73236793,46,4,12
14077,,,,,82,1,0
14673,4000,1.9230769,8.2940493,.65392643,38,5,14
11142,,,,,78,2,6
11250,,,,,82,1,0
10142,,,,,75,1,0
14161,,,,,67,2,6
11390,,,,,71,1,0
11979,1841,.84294873,7.518064,-.17084913,40,4,12
13358,3000,1.3111888,8.0063677,.27093422,42,6,16
13065,1200,.44378698,7.0900769,-.81241059,37,4,12
11689,1110,.53365386,7.0121155,-.62800789,42,4,12
10712,3800,1.5224359,8.2427559,.42031163,28,7,18
14633,960,.61538464,6.8669333,-.48550779,26,5,14
11374,1440,.51282054,7.2723985,-.66782933,47,3,9
11545,,,,,79,2,6
13248,1500,.64102566,7.3132205,-.44468579,47,3,9
10200,1400,.44871795,7.2442274,-.80136079,47,4,12
10297,,,,,76,2,6
10265,,,,,75,2,6
14496,1200,.48076922,7.0900769,-.73236793,49,3,9
14982,,,,,93,1,0
13787,,,,,65,2,6
13744,,,,,74,3,9
11261,,,,,77,2,6
13601,3500,1.5652952,8.1605186,.44807443,36,7,18
11345,1034,.79538459,6.9411902,-.22892952,44,6,16
12060,,,,,79,1,0
14006,,,,,59,2,6
13678,600,.23076923,6.3969297,-1.4663371,62,2,6
12185,1500,.72115386,7.3132205,-.32690278,50,6,16
10898,,,,,62,3,9
13650,,,,,79,1,0
14389,,,,,90,1,0
11926,600,.32051283,6.3969297,-1.137833,61,2,6
12782,,,,,71,2,6
14267,120,.096153848,4.7874918,-2.3418057,70,2,6
12533,1454,.46602565,7.2820735,-.76351458,36,4,12
11287,720,.20979021,6.5792513,-1.5616472,61,2,6
13147,1000,.48076922,6.9077554,-.73236793,53,3,9
14495,,,,,86,1,0
10004,840,.2937063,6.7334018,-1.225175,69,2,6
11187,,,,,78,4,12
10358,,,,,73,2,6
11271,1485,.40796703,7.3031702,-.89656889,31,5,14
14464,,,,,72,1,0
12834,2360,1.1346154,7.766417,.12629376,28,6,16
13794,2587,1.24375,7.858254,.21813099,37,7,18
10713,3000,1.3111888,8.0063677,.27093422,38,7,18
10599,,,,,70,4,12
11111,,,,,85,2,6
11249,,,,,69,1,0
11248,,,,,72,2,6
13704,,,,,76,1,0
12525,1200,.57692307,7.0900769,-.55004632,44,4,12
11244,660,.23504274,6.49224,-1.4479879,49,3,9
11854,,,,,39,4,12
10914,5000,1.9230769,8.5171928,.65392643,38,6,16
14611,,,,,73,2,6
13511,,,,,27,4,12
10342,,,,,66,3,9
14339,,,,,81,1,0
14293,4993,2.2861722,8.5157919,.82687885,40,7,18
11226,576,.20512821,6.3561077,-1.58412,40,4,12
12082,,,,,78,1,0
13074,,,,,77,3,9
13270,3000,.99469495,8.0063677,-.0053191734,48,4,12
12985,3083,1.4822116,8.033658,.39353529,31,4,12
12043,,,,,71,2,6
10499,1800,.48076922,7.495542,-.73236793,60,3,9
10057,1200,.48076922,7.0900769,-.73236793,40,4,12
11212,,,,,74,1,0
13652,,,,,82,2,6
12923,,,,,67,2,6
11669,600,.46153846,6.3969297,-.7731899,40,4,12
11197,600,.14605647,6.3969297,-1.923762,53,4,12
13085,2382,1.1451923,7.7756958,.13557254,35,4,12
14351,,,,,69,2,6
14095,288,.22153845,5.6629605,-1.5071591,44,4,12
11090,840,.38461539,6.7334018,-.95551145,58,3,9
11928,3600,.76077771,8.1886892,-.27341408,44,3,9
10067,840,.40384614,6.7334018,-.90672129,48,4,12
13227,1440,2.3076923,7.2723985,.83624804,55,4,12
13639,,,,,85,1,0
14692,1200,.52447551,7.0900769,-.64535654,51,4,12
11166,360,.23076923,5.8861041,-1.4663371,70,2,6
13471,,,,,92,1,0
12017,,,,,88,1,0
22451,3600,1.5384616,8.1886892,.43078294,31,6,16
12027,,,,,47,4,12
13444,1312,.45874125,7.1793079,-.77926898,36,5,14
10912,,,,,63,3,9
14902,2000,.8741259,7.6009026,-.13453087,37,6,16
10420,,,,,74,2,6
10169,,,,,71,3,9
13960,,,,,74,1,0
10012,300,2.8846154,5.7037826,1.0593916,63,6,16
14821,,,,,73,2,6
13623,,,,,84,1,0
12692,,,,,88,1,0
11154,3057,1.4697115,8.0251894,.38506615,29,6,16
12281,,,,,69,1,0
10975,1800,.72115386,7.495542,-.32690278,50,4,12
12913,,,,,67,2,6
14244,,,,,74,1,0
13494,,,,,70,2,6
12735,,,,,82,3,9
11109,1440,.46153846,7.2723985,-.7731899,47,4,12
14931,,,,,80,1,0
14917,1080,.43269232,6.9847164,-.83772838,37,4,12
14952,240,.28846154,5.480639,-1.2431935,55,3,9
14361,,,,,66,2,6
12685,,,,,86,4,12
13435,1090,.52403843,6.9939332,-.64619023,49,3,9
13223,,,,,68,2,6
11110,1800,.57692307,7.495542,-.55004632,42,4,12
14624,,,,,90,2,6
11934,840,.29914531,6.7334018,-1.2068259,34,4,12
13316,1440,.57692307,7.2723985,-.55004632,27,6,16
11950,,,,,85,1,0
11580,,,,,61,4,12
13212,,,,,56,4,12
11051,,,,,70,2,6
14886,,,,,70,1,0
10252,,,,,76,2,6
14687,840,.35897437,6.7334018,-1.0245043,49,3,9
10130,3000,1.6483517,8.0063677,.4997758,39,6,16
12910,600,.28846154,6.3969297,-1.2431935,62,3,9
13402,,,,,65,2,6
14212,720,.51282054,6.5792513,-.66782933,61,1,0
11009,11180,6.5151515,9.3218813,1.8741305,51,6,16
12130,,,,,78,1,0
13318,,,,,73,2,6
11145,3000,1.4423077,8.0063677,.36624441,45,6,16
10998,1200,.59171599,7.0900769,-.52472848,44,4,12
13452,3883,1.8668269,8.2643633,.62424016,43,2,6
11628,2160,.86538464,7.6778636,-.1445812,42,6,16
11570,2000,.8741259,7.6009026,-.13453087,27,4,12
14446,,,,,71,2,6
14716,,,,,90,1,0
11569,,,,,79,1,0
11378,,,,,66,2,6
11875,,,,,70,2,6
14707,,,,,70,2,6
12946,,,,,75,2,6
13092,1800,.48076922,7.495542,-.73236793,60,4,12
13224,1560,.5,7.3524413,-.69314718,45,4,12
14238,1500,.40064102,7.3132205,-.91468948,43,4,12
11767,250,.24038461,5.521461,-1.4255151,72,3,9
12972,1414,.618007,7.254178,-.4812555,55,4,12
13665,,,,,75,2,6
10925,3474,1.3634223,8.1530619,.30999792,32,6,16
11918,810,.38942307,6.6970344,-.94308895,43,6,16
10916,,,,,77,1,0
12848,960,.34188035,6.8669333,-1.0732944,44,5,14
15005,,,,,70,2,6
11232,200,.10683761,5.2983174,-2.2364452,41,4,12
10900,,,,,65,4,12
13874,2459,1.1822115,7.8075099,.16738686,40,4,12
10247,,,,,77,4,12
14072,,,,,76,1,0
10381,200,.071225069,5.2983174,-2.6419103,41,5,14
12555,,,,,73,2,6
11374,400,,5.9914646,,29,4,12
12168,1547,.67613637,7.3440728,-.39136049,39,5,14
10883,2561,1.23125,7.8481531,.20802996,42,6,16
12231,600,.46153846,6.3969297,-.7731899,51,4,12
11631,3601,1.73125,8.1889668,.54884374,28,7,18
13989,,,,,36,6,16
11019,,,,,80,4,12
10878,,,,,85,2,6
11577,,,,,67,4,12
12303,,,,,88,1,0
13065,,,,,77,2,6
11901,,,,,86,1,0
11962,960,.43956044,6.8669333,-.82198006,64,2,6
14415,,,,,73,1,0
10348,1800,1.7307693,7.495542,.54856598,38,6,16
12109,600,.13736264,6.3969297,-1.9851308,59,2,6
12496,2280,.91346157,7.7319307,-.090513974,41,4,12
10838,2000,.96153843,7.6009026,-.039220743,60,4,12
12343,1300,.37878788,7.1701198,-.97077894,56,2,6
13830,2400,1.1538461,7.7832241,.14310084,54,5,14
10785,2160,1.0384616,7.6778636,.037740353,41,6,16
11216,1060,.50961536,6.9660244,-.67409903,42,4,12
12588,960,.46153846,6.8669333,-.7731899,42,5,14
12456,1200,.41208792,7.0900769,-.88651854,42,4,12
10032,1200,.48076922,7.0900769,-.73236793,55,3,9
11036,240,.23076923,5.480639,-1.4663371,40,6,16
10854,2428,1.1673077,7.7948232,.15470001,47,6,16
10787,960,.46153846,6.8669333,-.7731899,34,6,16
13919,500,.48076922,6.2146082,-.73236793,46,2,6
12819,,,,,82,2,6
11484,,,,,66,1,0
10755,,,,,69,2,6
13810,500,.48076922,6.2146082,-.73236793,48,3,9
12894,,,,,69,2,6
12077,680,.26153848,6.5220928,-1.3411739,33,6,16
11228,500,.68681318,6.2146082,-.37569296,53,2,6
13492,1320,.50769234,7.1853871,-.67787963,57,2,6
11430,6434,2.812063,8.769352,1.0339184,49,7,18
13651,,,,,83,1,0
11275,1200,.38461539,7.0900769,-.95551145,38,4,12
11691,1377,.49038461,7.2276626,-.7125653,54,3,9
14815,2040,.81730771,7.6207051,-.20173962,50,4,12
10716,4000,1.7482518,8.2940493,.55861634,54,6,16
13445,1624,.55769229,7.3926477,-.5839479,57,3,9
12733,3048,1.3321679,8.0222406,.2868076,34,6,16
14860,,,,,72,4,12
11413,,,,,53,4,12
14600,,,,,86,1,0
11564,,,,,69,2,6
10047,600,.25641027,6.3969297,-1.3609765,40,4,12
12393,1800,.86538464,7.495542,-.1445812,49,3,9
10189,360,.23076923,5.8861041,-1.4663371,39,3,9
10296,,,,,69,2,6
14507,,,,,80,1,0
10130,,,,,76,2,6
11660,,,,,63,2,6
10952,1200,.41208792,7.0900769,-.88651854,50,4,12
11371,855,.41105768,6.7511015,-.88902175,57,4,12
10385,,,,,65,3,9
10639,,,,,77,1,0
12458,1500,.72115386,7.3132205,-.32690278,43,4,12
13776,,,,,65,4,12
13957,,,,,68,2,6
11642,408,.19615385,6.0112672,-1.6288559,33,5,14
13845,,,,,83,3,9
10466,,,,,78,2,6
11365,48,.036923077,3.871201,-3.2989185,51,3,9
10609,1407,.67644233,7.2492151,-.39090809,34,4,12
13830,840,.40384614,6.7334018,-.90672129,28,6,16
10036,5574,2.3820512,8.6258678,.867962,43,6,16
13105,,,,,78,2,6
13499,640,.82051283,6.4614682,-.19782573,39,4,12
11849,,,,,69,1,0
11332,,,,,83,2,6
11656,4634,2.2278845,8.4411755,.80105251,41,6,16
14333,,,,,74,1,0
10584,1000,.45787546,6.9077554,-.78115803,45,4,12
11658,,,,,66,6,16
12871,,,,,70,2,6
10359,1200,.48076922,7.0900769,-.73236793,50,3,9
11571,,,,,74,1,0
14319,401,.38557693,5.9939613,-.95301455,43,4,12
10574,,,,,66,2,6
10720,7000,5.3846154,8.8536654,1.6835459,64,7,18
12500,1156,.52930403,7.052721,-.63619226,42,4,12
10372,,,,,68,2,6
12984,,,,,62,3,9
11188,,,,,77,2,6
12436,1300,.35714287,7.1701198,-1.0296193,37,4,12
10551,2181,1.0485576,7.6875386,.047415543,26,5,14
11086,,,,,67,2,6
11822,,,,,79,3,9
11341,,,,,72,2,6
10303,1000,.48076922,6.9077554,-.73236793,64,1,0
13942,,,,,60,2,6
14709,,,,,70,2,6
11841,500,.22893773,6.2146082,-1.4743053,50,4,12
13250,,,,,80,1,0
13925,4000,1.9230769,8.2940493,.65392643,39,6,16
13954,,,,,89,1,0
12649,2000,.96153843,7.6009026,-.039220743,28,6,16
13404,400,.14245014,5.9914646,-1.9487633,51,7,18
14799,1680,.53846157,7.426549,-.61903918,53,4,12
14748,2280,.91346157,7.7319307,-.090513974,35,4,12
13020,600,.54945058,6.3969297,-.59883648,50,3,9
12745,1613,.64623398,7.3858509,-.43659365,43,4,12
14388,,,,,70,2,6
10500,1920,.83916086,7.5600805,-.17535286,27,6,16
14142,,,,,69,1,0
10497,720,.55384618,6.5792513,-.59086829,58,4,12
13432,,,,,73,1,0
10474,,,,,79,2,6
11474,1680,.38461539,7.426549,-.95551145,48,4,12
10469,720,.57692307,6.5792513,-.55004632,47,4,12
11992,1200,1.5384616,7.0900769,.43078294,44,6,16
12766,1200,.52447551,7.0900769,-.64535654,46,5,14
11422,,,,,66,3,9
13349,,,,,69,2,6
14131,,,,,67,2,6
11755,,,,,68,2,6
12505,,,,,89,1,0
11795,,,,,78,2,6
11472,,,,,74,2,6
10443,4000,1.5384616,8.2940493,.43078294,50,6,16
14182,1584,.43516484,7.3677087,-.83203036,42,4,12
11163,753,.41373625,6.6240654,-.88252658,31,6,16
12122,,,,,76,3,9
10954,770,.32905984,6.6463904,-1.1115156,54,2,6
10008,600,.76923078,6.3969297,-.26236424,70,2,6
12341,1500,.48076922,7.3132205,-.73236793,37,4,12
10405,,,,,68,3,9
11985,1170,.36290324,7.0647593,-1.0136191,35,4,12
10394,1200,.76923078,7.0900769,-.26236424,41,4,12
13336,,,,,80,1,0
10607,1200,.48076922,7.0900769,-.73236793,53,3,9
11256,1440,.57692307,7.2723985,-.55004632,47,4,12
10629,980,4.7115383,6.8875527,1.5500145,30,6,16
10366,1200,.64102566,7.0900769,-.44468579,37,6,16
14200,,,,,75,1,0
13741,,,,,72,2,6
10133,,,,,79,4,12
13929,1440,.51282054,7.2723985,-.66782933,47,3,9
12882,,,,,71,1,0
10460,600,.28846154,6.3969297,-1.2431935,60,4,12
11246,1200,.47095761,7.0900769,-.75298721,42,4,12
13709,1200,.48076922,7.0900769,-.73236793,45,4,12
10335,1200,.57692307,7.0900769,-.55004632,32,4,12
13904,,,,,83,1,0
13244,840,.46153846,6.7334018,-.7731899,36,6,16
13218,600,.25641027,6.3969297,-1.3609765,32,6,16
11565,,,,,57,2,6
14612,,,,,70,1,0
10304,1200,.48076922,7.0900769,-.73236793,61,3,9
14887,840,.24475524,6.7334018,-1.4074966,55,2,6
13368,,,,,68,2,6
12206,1700,.81730771,7.4383836,-.20173962,37,4,12
14537,2000,.96153843,7.6009026,-.039220743,35,5,14
13641,,,,,83,1,0
13028,2400,1.1538461,7.7832241,.14310084,39,4,12
11065,,,,,68,4,12
13723,2246,1.0798076,7.7169061,.076782912,35,4,12
10267,,,,,86,1,0
14988,1020,.44580421,6.9275579,-.80787539,34,4,12
10771,,,,,41,6,16
14181,1200,.51282054,7.0900769,-.66782933,40,4,12
13843,3000,1.4423077,8.0063677,.36624441,34,6,16
14877,,,,,74,2,6
13393,,,,,78,4,12
11542,,,,,81,1,0
10116,1200,.38461539,7.0900769,-.95551145,51,3,9
10884,3500,1.6826923,8.1605186,.52039504,32,6,16
11588,,,,,70,2,6
14942,3069,1.3115385,8.0291071,.27120084,30,5,14
10225,,,,,87,1,0
11227,1080,.43269232,6.9847164,-.83772838,50,4,12
14306,,,,,75,2,6
14038,816,.3923077,6.7044144,-.93570882,50,5,14
10212,,,,,86,1,0
14166,,,,,90,1,0
10210,,,,,71,2,6
13182,2400,.79575598,7.7832241,-.2284627,28,6,16
14904,960,.46153846,6.8669333,-.7731899,45,4,12
14865,,,,,76,2,6
10743,1913,.75078493,7.556428,-.28663605,38,4,12
10187,960,.41025642,6.8669333,-.89097291,59,3,9
12043,3815,1.8341346,8.2466955,.60657275,40,6,16
12141,461,,6.1333981,,26,4,12
10263,,,,,66,4,12
10185,,,,,68,3,9
15002,,,,,81,1,0
11790,600,.32967034,6.3969297,-1.1096621,57,3,9
10172,3907,1.5026923,8.270525,.40725839,26,6,16
10162,4000,1.7094017,8.2940493,.53614342,40,6,16
13955,,,,,85,1,0
13679,1307,.41891026,7.1754899,-.87009853,46,4,12
10143,,,,,77,2,6
13661,,,,,76,2,6
11454,,,,,82,1,0
14203,,,,,80,2,6
13964,,,,,70,1,0
14141,920,.36858973,6.8243737,-.99807107,71,1,0
13235,,,,,80,1,0
11760,,,,,73,2,6
14189,,,,,83,1,0
12868,1678,1.075641,7.4253578,.072916798,54,3,9
11439,,,,,79,1,0
13625,1200,.57692307,7.0900769,-.55004632,40,4,12
13981,,,,,70,1,0
11364,1200,.38461539,7.0900769,-.95551145,50,4,12
14432,,,,,72,3,9
14835,,,,,76,4,12
14788,1200,.48076922,7.0900769,-.73236793,53,4,12
10106,,,,,77,3,9
12047,,,,,79,2,6
14374,450,.28846154,6.1092477,-1.2431935,70,2,6
13350,150,.096153848,5.0106354,-2.3418057,64,2,6
13373,,,,,61,2,6
14257,,,,,80,1,0
13517,,,,,79,1,0
12360,,,,,60,3,9
12114,4800,1.9230769,8.4763708,.65392643,47,4,12
10465,960,.30769232,6.8669333,-1.1786549,37,4,12
14169,,,,,85,1,0
14236,,,,,86,2,6
14543,1300,.49019608,7.1701198,-.71294981,36,5,14
11856,,,,,86,1,0
13381,60,.057692308,4.0943446,-2.8526313,47,5,14
10473,1200,.57692307,7.0900769,-.55004632,61,6,16
12121,,,,,43,4,12
12916,2300,.78983516,7.7406645,-.23593102,38,6,16
13311,1980,.95192307,7.5908523,-.049271055,33,5,14
14362,,,,,85,1,0
10879,648,.21862349,6.4738908,-1.5204042,52,2,6
10011,,,,,79,2,6
12478,840,.64615387,6.7334018,-.43671763,34,6,16
14026,,,,,54,3,9
10575,138,.12637363,4.9272537,-2.0685124,71,1,0
14239,600,.32051283,6.3969297,-1.137833,59,2,6
10006,840,.25641027,6.7334018,-1.3609765,45,4,12
10730,1200,.60728747,7.0900769,-.49875301,39,4,12
10003,960,.47337279,6.8669333,-.74787205,61,4,12
11132,,,,,62,2,6
12123,720,.25174826,6.5792513,-1.3793256,59,2,6
32091,3407,1.4890734,8.1335878,.39815405,28,7,18
