date,KOSPI지수,KOSPI시장 거래대금,KOSDAQ지수,KOSDAQ시장 거래대금
2020/01/02,2175.17,45859,674.02,44765
2020/01/03,2176.46,56471,669.93,55401
2020/01/06,2155.07,51258,655.31,49619
2020/01/07,2175.54,50777,663.44,53022
2020/01/08,2151.31,86108,640.94,70344
2020/01/09,2186.45,70384,666.09,52618
2020/01/10,2206.39,63293,673.03,49137
2020/01/13,2229.26,61398,679.22,48432
2020/01/14,2238.88,71231,678.71,52058
2020/01/15,2230.98,58129,679.16,42335
2020/01/16,2248.05,60165,686.52,52394
2020/01/17,2250.57,52406,688.41,55443
2020/01/20,2262.64,58113,683.47,59162
2020/01/21,2239.69,54745,676.52,55695
2020/01/22,2267.25,61874,688.25,46310
2020/01/23,2246.13,66604,685.57,50092
2020/01/28,2176.72,86452,664.7,69911
2020/01/29,2185.28,64851,670.18,55736
2020/01/30,2148,70166,656.39,62284
2020/01/31,2119.01,71231,642.48,64589
2020/02/03,2118.88,79237,646.85,60816
2020/02/04,2157.9,76653,661.24,50740
2020/02/05,2165.63,74625,661.32,52668
2020/02/06,2227.94,80636,672.69,46094
2020/02/07,2211.95,69263,672.63,52327
2020/02/10,2201.07,53322,676.07,48298
2020/02/11,2223.12,64744,682.34,55163
2020/02/12,2238.38,67750,686.59,60460
2020/02/13,2232.96,79571,687.61,69938
2020/02/14,2243.59,61331,688.91,73516
2020/02/17,2242.17,55661,692.59,65247
2020/02/18,2208.88,63114,682.92,75096
2020/02/19,2210.34,69564,684.78,76299
2020/02/20,2195.5,75077,681.66,87991
2020/02/21,2162.84,67885,667.99,81347
2020/02/24,2079.04,91442,639.29,81784
2020/02/25,2103.61,87585,656.95,61891
2020/02/26,2076.77,78447,654.63,61373
2020/02/27,2054.89,70534,638.17,77160
2020/02/28,1987.01,96703,610.73,80204
2020/03/02,2002.51,75988,627.66,61539
2020/03/03,2014.15,85592,626.82,60536
2020/03/04,2059.33,77165,641.73,56600
2020/03/05,2085.26,78066,650.19,63977
2020/03/06,2040.22,70996,642.72,72389
2020/03/09,1954.77,87018,614.6,86834
2020/03/10,1962.93,89000,619.97,96333
2020/03/11,1908.27,80713,595.61,83550
2020/03/12,1834.33,111429,563.49,80495
2020/03/13,1771.44,131082,524,81520
2020/03/16,1714.86,84706,504.51,72194
2020/03/17,1672.44,95523,514.73,79933
2020/03/18,1591.2,93618,485.14,74102
2020/03/19,1457.64,117932,428.35,85752
2020/03/20,1566.15,104886,467.75,65040
2020/03/23,1482.46,94840,443.76,61637
2020/03/24,1609.97,103315,480.4,67423
2020/03/25,1704.76,124313,505.68,96866
2020/03/26,1686.24,122361,516.61,119029
2020/03/27,1717.73,127324,522.83,148453
2020/03/30,1717.12,89662,542.11,96106
2020/03/31,1754.64,136451,569.07,136720
2020/04/01,1685.46,119485,551.84,134620
2020/04/02,1724.86,95492,567.7,109921
2020/04/03,1725.44,100117,573.01,94535
2020/04/06,1791.88,107713,597.21,98766
2020/04/07,1823.6,113983,606.9,132763
2020/04/08,1807.14,109903,607.37,127637
2020/04/09,1836.21,103468,615.95,95520
2020/04/10,1860.7,118514,611.26,101536
2020/04/13,1825.76,94230,596.71,100970
2020/04/14,1857.08,98068,610.29,83573
2020/04/16,1857.07,105178,623.43,82172
2020/04/17,1914.53,139367,634.79,91153
2020/04/20,1898.36,117432,637.82,95323
2020/04/21,1879.38,136690,628.77,127314
2020/04/22,1896.15,92868,635.16,91853
2020/04/23,1914.73,88335,643.79,100917
2020/04/24,1889.01,95065,632.96,88479
2020/04/27,1922.77,80301,646.86,76978
2020/04/28,1934.09,102513,644.93,81795
2020/04/29,1947.56,104008,645.18,79672
2020/05/04,1895.37,101514,641.91,66958
2020/05/06,1928.76,84270,658.4,84915
2020/05/07,1928.61,72651,668.17,88318
2020/05/08,1945.82,78259,682.3,96220
2020/05/11,1935.4,76145,685.04,104479
2020/05/12,1922.17,95041,684.21,100347
2020/05/13,1940.42,87916,691.53,97170
2020/05/14,1924.96,93207,690.57,130512
2020/05/15,1927.28,95519,691.93,123940
2020/05/18,1937.11,92434,690.85,104975
2020/05/19,1980.61,117300,696.36,118733
2020/05/20,1989.64,80024,708.76,104758
2020/05/21,1998.31,85245,716.02,113369
2020/05/22,1970.13,93269,708.58,107912
2020/05/25,1994.6,78421,719.89,94602
2020/05/26,2029.78,123887,729.11,103444
2020/05/27,2031.2,124575,724.59,105777
2020/05/28,2028.54,142368,708.75,119124
2020/05/29,2029.6,137522,713.68,85030
2020/06/01,2065.08,95706,735.72,103256
2020/06/02,2087.19,100977,743.58,107330
2020/06/03,2147,168057,737.66,115591
2020/06/04,2151.18,160340,742.37,97744
2020/06/05,2181.87,125834,749.31,86562
2020/06/08,2184.29,129256,753.04,91205
2020/06/09,2188.92,145235,753.82,103431
2020/06/10,2195.69,126818,758.62,122133
2020/06/11,2176.78,166430,757.06,135085
2020/06/12,2132.3,147331,746.06,117006
2020/06/15,2030.82,180153,693.15,122606
2020/06/16,2138.05,134319,735.38,106692
2020/06/17,2141.05,152165,735.4,104253
2020/06/18,2133.48,108456,737.33,106059
2020/06/19,2141.32,120660,742.03,123656
2020/06/22,2126.73,98955,751.64,105115
2020/06/23,2131.24,133479,753.23,116826
2020/06/24,2161.51,126625,759.5,117630
2020/06/25,2112.37,105485,750.36,112128
2020/06/26,2134.65,93989,750.58,117879
2020/06/29,2093.48,88830,734.69,92787
2020/06/30,2108.33,115652,737.97,105287
2020/07/01,2106.7,100769,727.58,85633
2020/07/02,2135.37,104296,742.55,75395
2020/07/03,2152.41,84687,752.18,101476
2020/07/06,2187.93,115314,759.9,83048
2020/07/07,2164.17,146698,759.16,100834
2020/07/08,2158.88,114354,765.96,104475
2020/07/09,2167.9,117707,772.9,103878
2020/07/10,2150.25,119114,772.81,128574
2020/07/13,2186.06,103154,781.19,108527
2020/07/14,2183.61,114321,778.39,122799
2020/07/15,2201.88,133936,781.29,113075
2020/07/16,2183.76,110797,775.07,111534
2020/07/17,2201.19,100571,783.22,85830
2020/07/20,2198.2,118088,781.96,92796
2020/07/21,2228.83,155207,790.58,103417
2020/07/22,2228.66,153243,794.99,113762
2020/07/23,2216.19,161317,801.69,136614
2020/07/24,2200.44,168445,794.8,124726
2020/07/27,2217.86,140288,801.23,104267
2020/07/28,2256.99,171651,807.85,119681
2020/07/29,2263.16,152509,808.59,105949
2020/07/30,2267.01,133489,814.19,132711
2020/07/31,2249.37,127435,815.3,130589
2020/08/03,2251.04,134253,827.57,145130
2020/08/04,2279.97,150880,835.35,139402
2020/08/05,2311.86,176443,847.28,127447
2020/08/06,2342.61,175722,854.12,142204
2020/08/07,2351.67,173246,857.63,145750
2020/08/10,2386.38,192807,862.76,126260
2020/08/11,2418.67,194240,860.23,133430
2020/08/12,2432.35,164138,845.6,143577
2020/08/13,2437.53,180010,854.77,148687
2020/08/14,2407.49,163871,835.03,138426
2020/08/18,2348.24,173132,800.22,158618
2020/08/19,2360.54,120847,818.74,147605
2020/08/20,2274.22,168958,791.14,153940
2020/08/21,2304.59,139764,796.01,140789
2020/08/24,2329.83,115189,815.74,129976
2020/08/25,2366.73,134008,836.31,142419
2020/08/26,2369.32,142790,841.35,173704
2020/08/27,2344.45,149421,836.4,208487
2020/08/28,2353.8,153287,841.3,168009
2020/08/31,2326.17,190360,848.24,147375
2020/09/01,2349.55,160970,853.37,127348
2020/09/02,2364.27,155344,866.74,143431
2020/09/03,2395.9,171670,874.13,140260
2020/09/04,2368.25,194445,866.04,146681
2020/09/07,2384.22,168989,878.88,160146
2020/09/08,2401.91,170084,878.29,196447
2020/09/09,2375.81,152449,869.47,164315
2020/09/10,2396.48,155881,884.3,146512
2020/09/11,2396.69,118812,888.44,144004
2020/09/14,2427.91,118683,894.17,135282
2020/09/15,2443.58,116982,899.46,158369
2020/09/16,2435.92,115664,896.28,160040
2020/09/17,2406.17,138648,885.18,143169
2020/09/18,2412.4,137065,888.88,126745
2020/09/21,2389.39,140132,866.99,137453
2020/09/22,2332.59,174959,842.72,123187
2020/09/23,2333.24,133922,843.45,131230
2020/09/24,2272.7,122948,806.95,154629
2020/09/25,2278.79,98965,808.28,133100
2020/09/28,2308.08,88438,835.91,111340
2020/09/29,2327.89,88971,848.15,114308
2020/10/05,2358,104550,858.39,99517
2020/10/06,2365.9,108023,862.58,109723
2020/10/07,2386.94,88032,869.66,106011
2020/10/08,2391.96,122425,871.62,121383
2020/10/12,2403.73,104726,873.5,117518
2020/10/13,2403.15,100256,871.92,142955
2020/10/14,2380.48,104732,861.48,129108
2020/10/15,2361.21,127599,844.44,125001
2020/10/16,2341.53,109631,833.84,106758
2020/10/19,2346.74,101738,822.25,85163
2020/10/20,2358.41,116758,824.65,101719
2020/10/21,2370.86,96824,830.67,87009
2020/10/22,2355.05,95695,812.7,95695
2020/10/23,2360.81,105292,807.98,83669
2020/10/26,2343.91,114935,778.02,83974
2020/10/27,2330.84,99447,783.73,92467
2020/10/28,2345.26,87814,806.2,78887
2020/10/29,2326.67,101404,813.93,82924
2020/10/30,2267.15,114583,792.65,85500
2020/11/02,2300.16,84136,802.95,66271
2020/11/03,2343.31,106927,818.46,87462
2020/11/04,2357.32,146587,826.97,108370
2020/11/05,2413.79,124107,844.8,98278
2020/11/06,2416.5,124358,836.78,130351
2020/11/09,2447.2,146452,851.21,99310
2020/11/10,2452.83,177071,840.79,116371
2020/11/11,2485.87,179889,839.9,140662
2020/11/12,2475.62,157200,840.08,110048
2020/11/13,2493.87,168009,839.14,117332
2020/11/16,2543.03,187682,847.33,102558
2020/11/17,2539.15,174916,839.47,136420
2020/11/18,2545.64,133421,851.74,140237
2020/11/19,2547.42,122996,859.94,147954
2020/11/20,2553.5,120504,870.18,134869
2020/11/23,2602.59,155105,873.29,128538
2020/11/24,2617.76,165607,872.1,149020
2020/11/25,2601.54,212897,865.12,180995
2020/11/26,2625.91,124859,874.53,145810
2020/11/27,2633.45,124184,885.56,122574
2020/11/30,2591.34,204460,886.11,121538
2020/12/01,2634.25,157440,891.29,120607
2020/12/02,2675.9,168873,899.34,131009
2020/12/03,2696.22,154123,907.61,164301
2020/12/04,2731.45,196317,913.76,160225
2020/12/07,2745.44,179330,926.88,156654
2020/12/08,2700.93,169323,906.84,187908
2020/12/09,2755.47,167965,913.81,156155
2020/12/10,2746.46,202828,921.7,142527
2020/12/11,2770.06,179729,928.44,127757
2020/12/14,2762.2,168133,929.54,144682
2020/12/15,2756.82,152817,931.27,157884
2020/12/16,2771.79,132648,939.65,155644
2020/12/17,2770.43,158383,944.04,160160
2020/12/18,2772.18,189014,947.24,145328
2020/12/21,2778.65,186946,953.58,160605
2020/12/22,2733.68,196297,928.73,164559
2020/12/23,2759.82,198768,923.17,172894
2020/12/24,2806.86,196964,928.68,143691
2020/12/28,2808.6,235760,927,169017
2020/12/29,2820.51,190665,957.41,154067
2020/12/30,2873.47,176820,968.42,166294
2021/01/04,2944.45,247266,977.62,168786
2021/01/05,2990.57,262636,985.76,186925
2021/01/06,2968.21,292718,981.39,175217
2021/01/07,3031.68,268161,988.86,182060
2021/01/08,3152.18,401927,987.79,203624
2021/01/11,3148.45,440694,976.63,204049
2021/01/12,3125.95,310825,973.72,139489
2021/01/13,3148.29,239647,979.13,130803
2021/01/14,3149.93,238116,980.29,139260
2021/01/15,3085.9,227607,964.44,147229
2021/01/18,3013.93,231869,944.67,138339
2021/01/19,3092.66,237776,957.75,134053
2021/01/20,3114.55,242686,977.66,145243
2021/01/21,3160.84,246194,981.4,138455
2021/01/22,3140.63,239627,979.98,150309
2021/01/25,3208.99,208031,999.3,137791
2021/01/26,3140.31,215663,994,166649
2021/01/27,3122.56,194493,985.92,150524
2021/01/28,3069.05,226849,961.23,135747
2021/01/29,2976.21,237821,928.73,149178
2021/02/01,3056.53,204914,956.92,105004
2021/02/02,3096.81,189153,963.81,120159
2021/02/03,3129.68,216307,970.69,124246
2021/02/04,3087.55,203807,964.58,104150
2021/02/05,3120.63,194376,967.42,108760
2021/02/08,3091.24,190533,960.78,110917
2021/02/09,3084.67,180563,957.85,114679
2021/02/10,3100.58,180699,964.31,108693
2021/02/15,3147,165581,981.97,133724
2021/02/16,3163.25,168631,977.74,177702
2021/02/17,3133.73,165949,979.77,172180
2021/02/18,3086.66,179286,967.42,161231
2021/02/19,3107.62,194293,965.11,145368
2021/02/22,3079.75,179932,954.29,130790
2021/02/23,3070.09,173131,936.6,147767
2021/02/24,2994.98,196542,906.31,150186
2021/02/25,3099.69,169459,936.21,136242
2021/02/26,3012.95,210135,913.94,137481
2021/03/02,3043.87,185405,923.17,118906
2021/03/03,3082.99,139140,930.8,111706
2021/03/04,3043.49,168001,926.2,114089
2021/03/05,3026.26,164753,923.48,114524
2021/03/08,2996.11,155020,904.77,111383
2021/03/09,2976.12,180119,896.36,125099
2021/03/10,2958.12,128713,890.07,109858
2021/03/11,3013.7,157549,908.01,107855
2021/03/12,3054.39,129247,925.49,113713
2021/03/15,3045.71,124182,926.9,98086
2021/03/16,3067.17,127617,940.65,127722
2021/03/17,3047.5,132326,943.78,117651
2021/03/18,3066.01,148472,949.83,112656
2021/03/19,3039.53,159437,952.11,96340
2021/03/22,3035.46,131362,955.38,105455
2021/03/23,3004.74,158799,946.31,108835
2021/03/24,2996.35,131201,953.82,107791
2021/03/25,3008.33,131391,954.99,106406
2021/03/26,3041.01,153815,956.7,98590
2021/03/29,3036.04,164533,954.1,102831
2021/03/30,3070,139350,958.06,108984
2021/03/31,3061.42,142337,956.17,111577
2021/04/01,3087.4,137849,965.78,115888
2021/04/02,3112.8,132497,970.09,124755
2021/04/05,3120.83,128325,969.77,109293
2021/04/06,3127.08,134978,968.63,125373
2021/04/07,3137.41,143062,973.22,116162
2021/04/08,3143.26,168340,982.02,125211
2021/04/09,3131.88,145666,989.39,111054
2021/04/12,3135.59,130829,1000.65,118404
2021/04/13,3169.08,161211,1010.37,145168
2021/04/14,3182.38,153584,1014.42,130540
2021/04/15,3194.33,173644,1013.9,131322
2021/04/16,3198.62,145799,1021.62,128107
2021/04/19,3198.84,151722,1029.46,127432
2021/04/20,3220.7,143164,1031.88,115475
2021/04/21,3171.66,166651,1022.22,126309
2021/04/22,3177.52,146258,1025.71,137435
2021/04/23,3186.1,153877,1026.82,136727
2021/04/26,3217.53,154016,1030.06,135648
2021/04/27,3215.42,167998,1021.01,136710
2021/04/28,3181.47,179966,998.27,137113
2021/04/29,3174.07,188242,990.69,110304
2021/04/30,3147.86,187037,983.45,95297
2021/05/03,3127.2,167278,961.81,91386
2021/05/04,3147.37,154415,967.2,96631
2021/05/06,3178.74,164115,969.99,74105
2021/05/07,3197.2,148144,978.3,83295
2021/05/10,3249.3,169531,992.8,91948
2021/05/11,3209.43,212362,978.61,90579
2021/05/12,3161.66,222078,967.1,109800
2021/05/13,3122.11,207421,951.77,105327
2021/05/14,3153.32,142179,966.72,98119
2021/05/17,3134.52,143302,962.5,101309
2021/05/18,3173.05,137177,969.1,99811
2021/05/20,3162.28,130423,971.13,86784
2021/05/21,3156.42,145762,965.63,95049
2021/05/24,3144.3,114693,948.37,95723
2021/05/25,3171.32,114607,962.07,95137
2021/05/26,3168.43,130080,966.06,96198
2021/05/27,3165.51,198879,974.08,98380
2021/05/28,3188.73,133622,977.46,87919
2021/05/31,3203.92,138436,981.78,90356
2021/06/01,3221.87,150688,984.59,93072
2021/06/02,3224.23,175339,981.1,96396
2021/06/03,3247.43,166856,990.19,89037
2021/06/04,3240.08,158384,987.58,98813
2021/06/07,3252.12,187691,985.86,95932
2021/06/08,3247.83,191224,986.12,105906
2021/06/09,3216.18,169436,978.79,107072
2021/06/10,3224.64,188266,987.77,111586
2021/06/11,3249.32,176244,991.13,93026
2021/06/14,3252.13,149797,997.41,86488
2021/06/15,3258.63,144683,997.37,92720
2021/06/16,3278.68,159765,998.49,84588
2021/06/17,3264.96,143976,1003.72,101388
2021/06/18,3267.93,170916,1015.88,116303
2021/06/21,3240.79,170713,1010.99,110600
2021/06/22,3263.88,151879,1011.56,113620
2021/06/23,3276.19,173880,1016.46,154400
2021/06/24,3286.1,211439,1012.62,128027
2021/06/25,3302.84,184017,1012.13,98458
2021/06/28,3301.89,135302,1017.91,98609
2021/06/29,3286.68,141958,1022.52,118648
2021/06/30,3296.68,152838,1029.96,104246
2021/07/01,3282.06,157458,1035.64,111932
2021/07/02,3281.78,151870,1038.18,123154
2021/07/05,3293.21,142929,1047.33,138702
2021/07/06,3305.21,145340,1044.96,120524
2021/07/07,3285.34,142891,1047.36,137704
2021/07/08,3252.68,164963,1034.48,150765
2021/07/09,3217.95,161700,1028.93,161170
2021/07/12,3246.47,111178,1034.64,105212
2021/07/13,3271.38,132078,1043.31,128689
2021/07/14,3264.81,127823,1044.98,129215
2021/07/15,3286.22,134127,1054.31,147177
2021/07/16,3276.91,146071,1051.98,119621
2021/07/19,3244.04,126346,1049.83,114909
2021/07/20,3232.7,150703,1043.64,131732
2021/07/21,3215.91,146555,1042.03,120544
2021/07/22,3250.21,128373,1050.25,137196
2021/07/23,3254.42,126936,1055.5,114900
2021/07/26,3224.95,120478,1047.63,115479
2021/07/27,3232.53,120738,1046.55,117876
2021/07/28,3236.86,117442,1035.68,117631
2021/07/29,3242.65,103242,1044.13,102422
2021/07/30,3202.32,125683,1031.14,108621
2021/08/02,3223.04,101042,1037.8,95589
2021/08/03,3237.14,122916,1036.11,115029
2021/08/04,3280.38,121546,1047.93,120367
2021/08/05,3276.13,116878,1059.54,118927
2021/08/06,3270.36,152170,1059.8,102226
2021/08/09,3260.42,155126,1060,136203
2021/08/10,3243.19,213676,1052.07,129983
2021/08/11,3220.62,189509,1051.92,127381
2021/08/12,3208.38,201710,1054.09,126923
2021/08/13,3171.29,197938,1040.78,130446
2021/08/17,3143.09,219183,1011.05,122624
2021/08/18,3158.93,165145,1021.08,117487
2021/08/19,3097.83,167367,991.15,121489
2021/08/20,3060.51,160982,967.9,121904
2021/08/23,3090.21,132026,993.18,102966
2021/08/24,3138.3,147345,1013.18,123777
2021/08/25,3146.81,126788,1017.78,108165
2021/08/26,3128.53,131712,1020.44,111802
2021/08/27,3133.9,108536,1023.51,114067
2021/08/30,3144.19,116194,1031.84,122002
2021/08/31,3199.27,151983,1038.33,136239
2021/09/01,3207.02,132914,1045.98,120226
2021/09/02,3175.85,139965,1047.19,114279
2021/09/03,3201.06,128697,1053.85,121034
2021/09/06,3203.33,120987,1052.96,108806
2021/09/07,3187.42,117269,1054.43,119129
2021/09/08,3162.99,173027,1037.22,114903
2021/09/09,3114.7,177871,1034.62,111200
2021/09/10,3125.76,133544,1037.91,113463
2021/09/13,3127.86,132741,1026.34,112933
2021/09/14,3148.83,153885,1037.74,108350
2021/09/15,3153.4,119552,1042.79,109810
2021/09/16,3130.09,121312,1039.43,98246
2021/09/17,3140.51,146358,1046.12,100157
2021/09/23,3127.58,137581,1036.26,89449
2021/09/24,3125.24,122747,1037.03,116090
2021/09/27,3133.64,121181,1034.82,93911
2021/09/28,3097.92,143879,1012.51,110581
2021/09/29,3060.27,149456,1001.46,102311
2021/09/30,3068.82,145495,1003.27,103770
2021/10/01,3019.18,127952,983.2,117921
2021/10/05,2962.17,151111,955.37,116614
2021/10/06,2908.31,154272,922.36,132779
2021/10/07,2959.46,117206,953.43,106859
2021/10/08,2956.3,124694,953.11,112003
2021/10/12,2916.38,125201,940.15,86292
2021/10/13,2944.41,121018,953.47,93406
2021/10/14,2988.64,119082,983.43,111059
2021/10/15,3015.06,123731,990.54,117650
2021/10/18,3006.68,105250,993.86,97402
2021/10/19,3029.04,99761,1005.35,122408
2021/10/20,3013.13,110425,1001.62,118273
2021/10/21,3007.33,103480,993.7,118173
2021/10/22,3006.16,89141,995.07,107712
2021/10/25,3020.54,103268,994.31,87372
2021/10/26,3049.08,92177,1011.76,99915
2021/10/27,3025.49,100886,1008.95,112079
2021/10/28,3009.55,121836,1000.13,114074
2021/10/29,2970.68,107898,992.33,104070
2021/11/01,2978.94,93152,998.57,109386
2021/11/02,3013.49,95328,1009.44,108268
2021/11/03,2975.71,122857,1005,102588
2021/11/04,2983.22,144112,1001.43,114181
2021/11/05,2969.27,124448,1001.35,112716
2021/11/08,2960.2,102426,1002.5,103754
2021/11/09,2962.46,95743,1008.68,116593
2021/11/10,2930.17,95129,987.75,143542
2021/11/11,2924.92,132610,992.65,129197
2021/11/12,2968.8,123122,1009.07,119617
2021/11/15,2999.52,112135,1029.03,117273
2021/11/16,2997.21,104873,1035.46,134090
2021/11/17,2962.42,104916,1031.26,161383
2021/11/18,2947.38,86350,1032.77,149206
2021/11/19,2971.02,108550,1041.92,133975
2021/11/22,3013.25,127625,1032.31,145373
2021/11/23,2997.33,106907,1013.72,116565
2021/11/24,2994.29,106995,1020.13,111971
2021/11/25,2980.27,92795,1015.66,116338
2021/11/26,2936.44,116465,1005.89,141292
2021/11/29,2909.32,129487,992.34,130279
2021/11/30,2839.01,192255,965.63,154386
2021/12/01,2899.72,121267,977.15,121510
2021/12/02,2945.27,117669,977.43,123467
2021/12/03,2968.33,100886,998.47,105633
2021/12/06,2973.25,91127,991.87,104118
2021/12/07,2991.72,98813,996.64,111737
2021/12/08,3001.8,109568,1006.04,120339
2021/12/09,3029.57,119755,1022.87,110943
2021/12/10,3010.23,80710,1011.57,110604
2021/12/13,3001.66,84699,1005.96,114978
2021/12/14,2987.95,92066,1002.81,103040
2021/12/15,2989.39,81032,1003.52,104066
2021/12/16,3006.41,83721,1007.86,124473
2021/12/17,3017.73,112059,1001.26,103358
2021/12/20,2963,85162,990.51,105688
2021/12/21,2975.03,85962,996.6,117683
2021/12/22,2984.48,86147,1000.13,109257
2021/12/23,2998.17,92016,1003.31,118710
2021/12/24,3012.43,84694,1007.42,108664
2021/12/27,2999.55,81341,1011.36,100446
2021/12/28,3020.24,118684,1027.44,132431
2021/12/29,2993.29,108018,1028.05,116836
2021/12/30,2977.65,85951,1033.98,101026
2022/01/03,2988.77,81094,1037.83,100926
2022/01/04,2989.24,98961,1031.66,121394
2022/01/05,2953.97,146338,1009.62,120478
2022/01/06,2920.53,130722,980.3,119476
2022/01/07,2954.89,101367,995.16,98203
2022/01/10,2926.72,102225,980.38,95362
2022/01/11,2927.38,104990,969.92,97528
2022/01/12,2972.48,107622,991.33,99818
2022/01/13,2962.09,112853,983.25,100450
2022/01/14,2921.92,106490,971.39,93057
2022/01/17,2890.1,98192,957.9,78528
2022/01/18,2864.24,98715,943.94,81799
2022/01/19,2842.28,95505,933.9,77490
2022/01/20,2862.68,87173,958.7,71882
2022/01/21,2834.29,105350,942.85,79497
2022/01/24,2792,92168,915.4,79380
2022/01/25,2720.39,115070,889.44,88563
2022/01/26,2709.24,88305,882.09,88720
2022/01/27,2614.49,202530,849.23,90376
2022/01/28,2663.34,135649,872.87,90719
2022/02/03,2707.82,122835,891.6,93074
2022/02/04,2750.26,111842,902.87,91384
2022/02/07,2745.06,111059,899.4,80375
2022/02/08,2746.47,116203,895.27,95935
2022/02/09,2768.85,101579,910.53,67826
2022/02/10,2771.93,125638,895.68,77142
2022/02/11,2747.71,105400,877.42,77073
2022/02/14,2704.48,113138,852.79,67321
2022/02/15,2676.54,92255,839.92,69614
2022/02/16,2729.68,82633,878.15,72815
2022/02/17,2744.09,116773,874.22,89274
2022/02/18,2744.52,84107,881.71,63066
2022/02/21,2743.8,77789,884.25,57804
2022/02/22,2706.79,104059,868.11,70662
2022/02/23,2719.53,89913,877.33,68598
2022/02/24,2648.8,130939,848.21,89531
2022/02/25,2676.76,120289,872.98,86916
2022/02/28,2699.18,126651,881.07,69368
2022/03/02,2703.52,109967,895.45,68748
2022/03/03,2747.08,104665,912.32,83965
2022/03/04,2713.43,122495,900.96,73490
2022/03/07,2651.31,118928,881.54,63345
2022/03/08,2622.4,114532,870.14,74059
2022/03/10,2680.32,134737,889.08,74355
2022/03/11,2661.28,120946,891.71,78299
2022/03/14,2645.65,118798,872.44,91334
2022/03/15,2621.53,94123,871.22,78170
2022/03/16,2659.23,91755,891.8,77794
2022/03/17,2694.51,116315,914.13,98327
2022/03/18,2707.02,112693,922.96,84750
2022/03/21,2686.05,85769,918.4,84169
2022/03/22,2710,83879,924.67,98007
2022/03/23,2735.05,117106,930.57,112415
2022/03/24,2729.66,114794,931.75,111238
2022/03/25,2729.98,106585,934.69,112539
2022/03/28,2729.56,96635,927.11,95453
2022/03/29,2741.07,98786,937.83,103715
2022/03/30,2746.74,109259,939.07,92228
2022/03/31,2757.65,95523,944.53,93074
2022/04/01,2739.85,105518,940.57,84260
2022/04/04,2757.9,95987,947.32,67576
2022/04/05,2759.2,98082,952.47,84747
2022/04/06,2735.03,108548,943.13,89460
2022/04/07,2695.86,121172,927.95,83363
2022/04/08,2700.39,101439,934.73,72205
2022/04/11,2693.1,87146,921.83,64077
2022/04/12,2666.76,95485,913.82,70078
2022/04/13,2716.49,95263,927.31,68774
2022/04/14,2716.71,112529,928.01,66452
2022/04/15,2696.06,94487,924.44,66062
2022/04/18,2693.21,89186,918.23,60443
2022/04/19,2718.89,96219,931.56,77142
2022/04/20,2718.69,121218,928.93,70966
2022/04/21,2728.21,113038,929.68,83089
2022/04/22,2704.71,118935,922.78,74665
2022/04/25,2657.13,114968,899.84,86911
2022/04/26,2668.31,106454,911.16,86242
2022/04/27,2639.06,124035,896.18,94134
2022/04/28,2667.49,122987,892.22,89408
2022/04/29,2695.05,124812,904.75,75042
2022/05/02,2687.45,89548,901.82,67913
2022/05/03,2680.46,90665,907.57,83590
2022/05/04,2677.57,97682,900.06,72375
2022/05/06,2644.51,104308,884.22,61562
2022/05/09,2610.81,90590,860.84,65888
2022/05/10,2596.56,106949,856.14,76267
2022/05/11,2592.27,84700,866.34,66482
2022/05/12,2550.08,119338,833.66,72454
2022/05/13,2604.24,101279,853.08,73547
2022/05/16,2596.58,83841,856.25,63201
2022/05/17,2620.44,93163,865.98,59342
2022/05/18,2625.98,93947,871.57,76297
2022/05/19,2592.34,97122,863.8,84264
2022/05/20,2639.29,94913,879.88,82047
2022/05/23,2647.38,77068,883.59,82409
2022/05/24,2605.87,85987,865.07,82344
2022/05/25,2617.22,82080,872.69,73826
2022/05/26,2612.45,84762,871.43,74152
2022/05/27,2638.05,76791,873.97,76085
2022/05/30,2669.66,73180,886.44,67183
2022/05/31,2685.9,136444,893.36,73225
2022/06/02,2658.99,76936,891.14,66222
2022/06/03,2670.65,74527,891.51,69801
2022/06/07,2626.34,88198,873.78,71629
2022/06/08,2626.15,73789,874.95,72413
2022/06/09,2625.44,106056,877.18,76065
2022/06/10,2595.87,81377,869.86,73989
2022/06/13,2504.51,96056,828.77,84898
2022/06/14,2492.97,98021,823.58,85334
2022/06/15,2447.38,98024,799.41,84535
2022/06/16,2451.41,93677,802.15,73163
2022/06/17,2440.93,106688,798.69,76370
2022/06/20,2391.03,89711,769.92,72535
2022/06/21,2408.93,72956,778.3,69232
2022/06/22,2342.81,85073,746.96,80987
2022/06/23,2314.32,99898,714.38,88621
2022/06/24,2366.6,83248,750.3,62874
2022/06/27,2401.92,75161,770.6,66995
2022/06/28,2422.09,70303,769.51,64554
2022/06/29,2377.99,77348,762.35,59710
2022/06/30,2332.64,87295,745.44,63185
2022/07/01,2305.42,85191,729.48,57221
2022/07/04,2300.34,72431,722.73,52949
2022/07/05,2341.78,67460,750.95,59324
2022/07/06,2292.01,85341,744.63,63865
2022/07/07,2334.27,75455,757.97,57976
2022/07/08,2350.61,68989,766.48,64386
2022/07/11,2340.27,61479,767.04,60135
2022/07/12,2317.76,62897,750.78,63683
2022/07/13,2328.61,59166,763.18,68725
2022/07/14,2322.32,64439,766.08,63003
2022/07/15,2330.98,72473,762.39,62351
2022/07/18,2375.25,69918,776.72,58311
2022/07/19,2370.97,63294,782.33,61778
2022/07/20,2386.85,73611,790.72,71527
2022/07/21,2409.16,61944,795.15,69007
2022/07/22,2393.14,68605,789.75,61310
2022/07/25,2403.69,57774,789.69,54948
2022/07/26,2412.96,61475,789.93,53738
2022/07/27,2415.53,68898,795.7,51624
2022/07/28,2435.27,90146,798.32,59159
2022/07/29,2451.5,100974,803.62,59621
2022/08/01,2452.25,74020,807.61,56322
2022/08/02,2439.62,71375,804.34,65221
2022/08/03,2461.45,66115,815.36,66142
2022/08/04,2473.11,74095,825.16,75138
2022/08/05,2490.8,74470,831.64,68689
2022/08/08,2493.1,74097,830.86,64554
2022/08/09,2503.46,87449,833.65,70016
2022/08/10,2480.88,89086,820.27,63944
2022/08/11,2523.78,97108,832.15,70292
2022/08/12,2527.94,78995,831.63,70625
2022/08/16,2533.52,78622,834.74,73633
2022/08/17,2516.47,70356,827.42,77299
2022/08/18,2508.05,69821,826.06,70638
2022/08/19,2492.69,65836,814.17,66145
2022/08/22,2462.5,60071,795.87,58288
2022/08/23,2435.34,73980,783.42,59561
2022/08/24,2447.45,79315,793.14,58014
2022/08/25,2477.26,70694,807.37,55964
2022/08/26,2481.03,78057,802.45,60678
2022/08/29,2426.89,77989,779.89,53721
2022/08/30,2450.93,66977,797.02,60786
2022/08/31,2472.05,86936,807.04,58669
2022/09/01,2415.61,81517,788.32,66459
2022/09/02,2409.41,70194,785.88,58936
2022/09/05,2403.68,61339,771.43,56392
2022/09/06,2410.02,53431,779.46,53692
2022/09/07,2376.46,72872,768.19,63947
2022/09/08,2384.28,87897,777.81,62313
2022/09/13,2449.54,90519,796.79,61990
2022/09/14,2411.42,75347,782.93,67591
2022/09/15,2401.83,72995,781.38,72697
2022/09/16,2382.78,84402,770.04,74900
2022/09/19,2355.66,67389,751.91,63451
2022/09/20,2367.85,68725,760.35,53037
2022/09/21,2347.21,61755,754.89,56771
2022/09/22,2332.31,72845,751.41,63143
2022/09/23,2290,72823,729.36,65459
2022/09/26,2220.94,91870,692.37,62778
2022/09/27,2223.86,78177,698.11,60339
2022/09/28,2169.29,90630,673.87,63684
2022/09/29,2170.93,71149,675.07,56740
2022/09/30,2155.49,77852,672.65,54957
2022/10/04,2209.38,73713,696.79,46259
2022/10/05,2215.22,93427,685.34,53802
2022/10/06,2237.86,66658,706.01,50201
2022/10/07,2232.84,69627,698.49,53163
2022/10/11,2192.07,77541,669.5,51179
2022/10/12,2202.47,73263,671.67,50537
2022/10/13,2162.87,69664,651.59,54823
2022/10/14,2212.55,70127,678.24,52531
2022/10/17,2219.71,63527,682,54478
2022/10/18,2249.95,71342,697.09,70416
2022/10/19,2237.44,76562,690.56,64850
2022/10/20,2218.09,81092,680.44,52940
2022/10/21,2213.12,60420,674.48,51496
2022/10/24,2236.16,67633,688.5,49415
2022/10/25,2235.07,69243,688.85,54795
2022/10/26,2249.56,73877,683.17,54829
2022/10/27,2288.78,83392,695.09,48154
2022/10/28,2268.4,81514,687.63,52738
2022/10/31,2293.61,85633,695.33,41112
2022/11/01,2335.22,93356,700.05,47833
2022/11/02,2336.87,93875,697.37,59066
2022/11/03,2329.17,91354,694.13,47504
2022/11/04,2348.43,78216,693.89,54249
2022/11/07,2371.79,79712,700.48,46511
2022/11/08,2399.04,84963,713.33,58105
2022/11/09,2424.41,92375,714.6,58249
2022/11/10,2402.23,91571,707.78,61578
2022/11/11,2483.16,137408,731.22,74718
2022/11/14,2474.65,110962,729.54,67178
2022/11/15,2480.33,91464,744.96,66393
2022/11/16,2477.45,96724,743.1,65177
2022/11/17,2442.9,75478,737.54,57465
2022/11/18,2444.48,72462,731.92,60783
2022/11/21,2419.5,69358,718.57,53152
2022/11/22,2405.27,70868,712.26,50049
2022/11/23,2418.01,73733,725.59,50359
2022/11/24,2441.33,62865,738.22,52222
2022/11/25,2437.86,59849,733.56,47234
2022/11/28,2408.27,63636,717.9,54190
2022/11/29,2433.39,63454,727.54,48284
2022/11/30,2472.53,112673,729.54,50038
2022/12/01,2479.84,87196,740.6,57580
2022/12/02,2434.33,71929,732.95,61058
2022/12/05,2419.32,76033,733.32,52582
2022/12/06,2393.16,62540,719.44,50192
2022/12/07,2382.81,59050,718.14,50330
2022/12/08,2371.08,74306,712.52,58198
2022/12/09,2389.04,70974,719.49,61540
2022/12/12,2373.02,57206,715.22,47131
2022/12/13,2372.4,63998,715.16,48788
2022/12/14,2399.25,55984,729,53592
2022/12/15,2360.97,60259,722.68,47659
2022/12/16,2360.02,70273,717.41,47299
2022/12/19,2352.17,48459,717.22,44247
2022/12/20,2333.29,52032,703.13,53888
2022/12/21,2328.95,49457,705.7,51814
2022/12/22,2356.73,59638,715.02,44542
2022/12/23,2313.69,58567,691.25,51478
2022/12/26,2317.14,51170,694.68,43320
2022/12/27,2332.79,69556,704.19,50924
2022/12/28,2280.45,74803,692.37,51375
2022/12/29,2236.4,59315,679.29,48111
2023/01/02,2225.67,51182,671.51,43681
2023/01/03,2218.68,60314,674.95,50891
2023/01/04,2255.98,64087,683.67,50788
2023/01/05,2264.65,74167,679.92,53866
2023/01/06,2289.97,66499,688.94,55268
2023/01/09,2350.19,69295,701.21,51330
2023/01/10,2351.31,66058,696.05,61172
2023/01/11,2359.53,61573,709.77,55139
2023/01/12,2365.1,76794,710.82,52826
2023/01/13,2386.09,68790,711.82,52288
2023/01/16,2399.86,64640,716.89,56467
2023/01/17,2379.39,62061,709.71,62825
2023/01/18,2368.32,54268,711.75,65342
2023/01/19,2380.34,53555,712.89,62753
2023/01/20,2395.26,49641,717.97,61476
2023/01/25,2428.57,65668,732.35,77039
2023/01/26,2468.65,81077,738.94,91512
2023/01/27,2484.02,88935,741.25,74655
2023/01/30,2450.47,87408,738.62,74850
2023/01/31,2425.08,101485,740.49,80446
2023/02/01,2449.8,84128,750.96,87866
2023/02/02,2468.88,90109,764.62,87579
2023/02/03,2480.4,78584,766.79,92657
2023/02/06,2438.19,75448,761.33,80299
2023/02/07,2451.71,74807,772.79,95797
2023/02/08,2483.64,78921,779.98,95731
2023/02/09,2481.52,87646,784.58,99205
2023/02/10,2469.73,82704,772.44,105892
2023/02/13,2452.7,72731,772.55,96030
2023/02/14,2465.64,66620,779.58,96327
2023/02/15,2427.9,86438,765.46,107245
2023/02/16,2475.48,89722,784.71,93905
2023/02/17,2451.21,82639,775.62,89119
2023/02/20,2455.12,74386,788.89,88871
2023/02/21,2458.96,72158,793.42,96396
2023/02/22,2417.68,81973,778.51,100196
2023/02/23,2439.09,73396,783.28,99117
2023/02/24,2423.61,68625,778.88,104447
2023/02/27,2402.64,65250,780.3,105170
2023/02/28,2412.85,89007,791.6,104112
2023/03/02,2427.85,94893,787.19,108532
2023/03/03,2432.07,77325,802.42,110387
2023/03/06,2462.62,96334,816.51,125014
2023/03/07,2463.35,105763,815.76,131608
2023/03/08,2431.91,95046,813.95,125646
2023/03/09,2419.09,101748,809.22,116852
2023/03/10,2394.59,77284,788.6,105963
2023/03/13,2410.6,74424,788.89,107090
2023/03/14,2348.97,75891,758.05,109037
2023/03/15,2379.72,74822,781.17,106955
2023/03/16,2377.91,77203,781.98,122902
2023/03/17,2395.69,83807,797.39,144089
2023/03/20,2379.2,59735,802.2,115219
2023/03/21,2388.35,71431,802.53,118420
2023/03/22,2416.96,77733,813.43,126351
2023/03/23,2424.48,101805,812.19,179411
2023/03/24,2414.96,88644,824.11,137965
2023/03/27,2409.22,83986,827.69,134006
2023/03/28,2434.94,86415,833.51,138697
2023/03/29,2443.92,86637,843.94,146901
2023/03/30,2453.16,103588,850.48,153255
2023/03/31,2476.86,125120,847.52,138098
2023/04/03,2472.34,111615,854.96,132030
2023/04/04,2480.51,127194,857.18,132972
2023/04/05,2495.21,96040,872.36,133964
2023/04/06,2459.23,111380,865.58,124063
2023/04/07,2490.41,110939,880.07,140901
2023/04/10,2512.08,134093,887.78,178227
2023/04/11,2547.86,139037,898.94,168425
2023/04/12,2550.64,141120,890.62,172505
2023/04/13,2561.66,117208,894.25,168895
2023/04/14,2571.49,128609,903.84,139806
2023/04/17,2575.91,125798,909.5,134435
2023/04/18,2571.09,139087,909.02,166192
2023/04/19,2575.08,124846,909.2,148394
2023/04/20,2563.11,122073,885.71,139748
2023/04/21,2544.4,124037,868.82,131260
2023/04/24,2523.5,113557,855.23,105476
2023/04/25,2489.02,134647,838.71,117719
2023/04/26,2484.83,122353,830.44,99683
2023/04/27,2495.81,109724,850.21,107607
2023/04/28,2501.53,136393,842.83,120594
2023/05/02,2524.39,97950,855.61,93617
2023/05/03,2501.4,97198,843.18,92784
2023/05/04,2500.94,98470,845.06,88207
2023/05/08,2513.21,90569,842.28,90122
2023/05/09,2510.06,91732,835.85,92818
2023/05/10,2496.51,87566,829.74,80335
2023/05/11,2491,88223,824.54,94892
2023/05/12,2475.42,82112,822.43,88567
2023/05/15,2479.35,68033,814.53,97827
2023/05/16,2480.24,79594,816.75,96426
2023/05/17,2494.66,70719,834.19,89880
2023/05/18,2515.4,76420,835.89,89672
2023/05/19,2537.79,90871,841.72,103604
2023/05/22,2557.08,80363,852.04,84731
2023/05/23,2567.55,73186,859.16,96099
2023/05/24,2567.45,77882,855.46,83777
2023/05/25,2554.69,92713,847.72,78223
2023/05/26,2558.81,92626,843.23,80792
2023/05/30,2585.52,107540,851.5,78543
2023/05/31,2577.12,146105,856.94,81058
2023/06/01,2569.17,90417,863.78,72025
2023/06/02,2601.36,91577,868.06,76165
2023/06/05,2615.41,84292,870.28,69702
2023/06/07,2615.6,99300,880.72,88902
2023/06/08,2610.85,112594,876.13,90081
2023/06/09,2641.16,107924,883.71,95469
2023/06/12,2629.35,92502,885.76,90196
2023/06/13,2637.95,108762,896.81,105860
2023/06/14,2619.08,128864,871.83,128645
2023/06/15,2608.54,112956,878.04,102298
2023/06/16,2625.79,122761,887.95,85631
2023/06/19,2609.5,109562,888.61,86405
2023/06/20,2604.91,107232,886.41,96626
2023/06/21,2582.63,102178,875.7,93892
2023/06/22,2593.7,87658,876.38,85699
2023/06/23,2570.1,83277,874.84,84286
2023/06/26,2582.2,83100,879.5,87067
2023/06/27,2581.39,83613,874.14,89850
2023/06/28,2564.19,86634,866.97,96229
2023/06/29,2550.02,86550,861.79,92648
2023/06/30,2564.28,80365,868.24,92037
2023/07/03,2602.47,88663,889.29,106037
2023/07/04,2593.31,90186,890,115451
2023/07/05,2579,100514,891.18,105318
2023/07/06,2556.29,101773,870.53,111303
2023/07/07,2526.71,101660,867.27,80093
2023/07/10,2520.7,95331,860.35,97216
2023/07/11,2562.49,104551,878.73,90829
2023/07/12,2574.72,125499,879.88,105951
2023/07/13,2591.23,131022,893.07,125684
2023/07/14,2628.3,140128,896.28,123308
2023/07/17,2619,114855,898.29,104944
2023/07/18,2607.62,117572,914.14,143113
2023/07/19,2608.24,110254,923.72,157239
2023/07/20,2600.23,92868,931.6,140709
2023/07/21,2609.76,120196,934.58,133902
2023/07/24,2628.53,188067,929.9,150658
2023/07/25,2636.46,188493,939.96,148078
2023/07/26,2592.36,360075,900.63,264812
2023/07/27,2603.81,237975,883.79,160190
2023/07/28,2608.32,165049,913.74,119971
2023/07/31,2632.58,154523,935.97,108911
2023/08/01,2667.07,156710,939.67,145374
2023/08/02,2616.47,157405,909.76,118090
2023/08/03,2605.39,146420,920.32,131893
2023/08/04,2602.8,108193,918.43,111108
2023/08/07,2580.71,117710,898.22,135729
2023/08/08,2573.98,122876,892.34,129447
2023/08/09,2605.12,101694,908.98,106548
2023/08/10,2601.56,111726,911.29,118374
2023/08/11,2591.26,103056,912.2,121150
2023/08/14,2570.87,98296,901.68,109598
2023/08/16,2525.64,118031,878.29,118716
2023/08/17,2519.85,105709,886.04,123662
2023/08/18,2504.5,104942,877.32,101185
2023/08/21,2508.8,83959,888.71,103314
2023/08/22,2515.74,90567,893.33,120457
2023/08/23,2505.5,83527,882.87,127193
2023/08/24,2537.68,99422,901.74,123363
2023/08/25,2519.14,81912,899.38,109872
2023/08/28,2543.41,81067,909.38,97988
2023/08/29,2552.16,81540,916.24,121199
2023/08/30,2561.22,76440,923.81,122293
2023/08/31,2556.27,108698,928.4,170377
2023/09/01,2563.71,98907,919.74,140414
2023/09/04,2584.55,85762,919.16,131840
2023/09/05,2582.18,73626,921.48,128858
2023/09/06,2563.34,75483,917.95,135247
2023/09/07,2548.26,80373,906.36,146351
2023/09/08,2547.68,75169,914.18,124065
2023/09/11,2556.88,82131,912.55,123129
2023/09/12,2536.58,87868,898.04,132144
2023/09/13,2534.7,90944,882.72,105939
2023/09/14,2572.89,94175,899.47,102399
2023/09/15,2601.28,117168,899.03,96372
2023/09/18,2574.72,86303,891.29,82850
2023/09/19,2559.21,76491,883.89,87231
2023/09/20,2559.74,74067,882.72,88143
2023/09/21,2514.97,76728,860.68,95604
2023/09/22,2508.13,69297,857.35,85213
2023/09/25,2495.76,73005,839.17,83248
2023/09/26,2462.97,68610,827.82,78651
2023/09/27,2465.07,62567,841.02,73033
2023/10/04,2405.69,98767,807.4,74059
2023/10/05,2403.6,89588,801.02,68647
2023/10/06,2408.73,63602,816.39,58035
2023/10/10,2402.58,93142,795,76094
2023/10/11,2450.08,85733,817.12,67528
2023/10/12,2479.82,87851,835.49,73854
2023/10/13,2456.15,70632,822.78,72353
2023/10/16,2436.24,82866,810.54,68592
2023/10/17,2460.17,75525,820.38,69491
2023/10/18,2462.6,87500,808.89,69202
2023/10/19,2415.8,86990,784.04,63949
2023/10/20,2375,88085,769.25,71143
2023/10/23,2357.02,69388,763.69,52274
2023/10/24,2383.51,78280,784.86,70043
2023/10/25,2363.17,76985,770.84,66231
2023/10/26,2299.08,89704,743.85,65949
2023/10/27,2302.81,78450,748.49,57532
2023/10/30,2310.55,68243,757.12,47594
2023/10/31,2277.99,80416,736.1,57974
2023/11/01,2301.56,66633,739.23,51000
2023/11/02,2343.12,75755,772.84,70671
2023/11/03,2368.34,78656,782.05,67269
2023/11/06,2502.37,149401,839.45,113323
2023/11/07,2443.96,113839,824.37,115892
2023/11/08,2421.62,75458,811.02,83078
2023/11/09,2427.08,71294,802.87,76190
2023/11/10,2409.66,56159,789.31,63220
2023/11/13,2403.76,58022,774.42,67769
2023/11/14,2433.25,62767,794.19,60277
2023/11/15,2486.67,92190,809.36,77938
2023/11/16,2488.18,57977,811.11,66987
2023/11/17,2469.85,79632,799.06,59599
2023/11/20,2491.2,64983,813.08,65253
2023/11/21,2510.42,76304,817.01,74871
2023/11/22,2511.7,76565,814.61,70284
2023/11/23,2514.96,64266,815.98,72944
2023/11/24,2496.63,63794,815,75769
2023/11/27,2495.66,82278,810.25,78990
2023/11/28,2521.76,85902,816.44,89857
2023/11/29,2519.81,92737,822.44,89542
2023/11/30,2535.29,115162,831.68,80642
2023/12/01,2505.01,86247,827.24,88418
2023/12/04,2514.95,85467,828.52,104987
2023/12/05,2494.28,81164,813.38,92099
2023/12/06,2495.38,75094,819.54,84786
2023/12/07,2492.07,80275,813.2,75089
2023/12/08,2517.85,76896,830.37,82588
2023/12/11,2525.36,79728,835.25,70346
2023/12/12,2535.27,74980,839.53,94621
2023/12/13,2510.66,73295,829.31,101923
2023/12/14,2544.18,127801,840.59,116957
2023/12/15,2563.56,126612,838.31,95866
2023/12/18,2566.86,100241,850.96,86282
2023/12/19,2568.55,80638,858.3,117410
2023/12/20,2614.3,110244,862.98,98478
2023/12/21,2600.02,93152,859.44,110875
2023/12/22,2599.51,86874,854.62,110798
2023/12/26,2602.59,94092,848.34,96473
2023/12/27,2613.5,102622,859.79,106604
2023/12/28,2655.28,89560,866.57,84702
2024/01/02,2669.81,95177,878.93,90164
2024/01/03,2607.31,99927,871.57,103469
2024/01/04,2587.02,88448,866.25,101521
2024/01/05,2578.08,82718,878.33,101738
2024/01/08,2567.82,66527,879.34,102810
2024/01/09,2561.24,87678,884.64,109949
2024/01/10,2541.98,84576,875.46,106772
2024/01/11,2540.27,107570,882.53,102717
2024/01/12,2525.05,81804,868.08,98180
2024/01/15,2525.99,80483,859.71,88148
2024/01/16,2497.59,85078,854.83,94279
2024/01/17,2435.9,110163,833.05,91123
2024/01/18,2440.04,81286,840.33,95166
2024/01/19,2472.74,90069,842.67,113300
2024/01/22,2464.35,82503,839.69,128538
2024/01/23,2478.61,78728,840.11,117788
2024/01/24,2469.69,71750,836.21,106704
2024/01/25,2470.34,75099,823.74,128740
2024/01/26,2478.56,70014,837.24,112425
2024/01/29,2500.65,88477,819.14,131915
2024/01/30,2498.81,86292,818.86,97279
2024/01/31,2497.09,87000,799.24,86424
2024/02/01,2542.46,132902,798.73,89783
2024/02/02,2615.31,140806,814.77,86189
2024/02/05,2591.31,120993,807.99,77750
2024/02/06,2576.2,101325,807.03,97271
2024/02/07,2609.58,112685,811.92,93252
2024/02/08,2620.32,122244,826.58,95792
2024/02/13,2649.64,129255,845.15,112921
2024/02/14,2620.42,99269,853.3,114354
2024/02/15,2613.8,102526,859.21,112034
2024/02/16,2648.76,100015,857.6,116910
2024/02/19,2680.26,96074,858.47,112852
2024/02/20,2657.79,96614,866.17,119809
2024/02/21,2653.31,89285,864.07,147943
2024/02/22,2664.27,100912,870.11,135346
2024/02/23,2667.7,101079,868.57,148043
2024/02/26,2647.08,107735,867.4,107214
2024/02/27,2625.05,123827,853.75,110461
2024/02/28,2652.29,100205,863.39,118736
2024/02/29,2642.36,125871,862.96,108591
2024/03/04,2674.27,122893,872.97,110422
2024/03/05,2649.4,119307,866.37,117409
2024/03/06,2641.49,98656,870.67,113958
2024/03/07,2647.62,102878,863.37,121987
2024/03/08,2680.35,111539,873.18,127513
2024/03/11,2659.84,86856,875.93,112198
2024/03/12,2681.81,94487,889.71,115728
2024/03/13,2693.57,107630,889.93,132269
2024/03/14,2718.76,135274,887.52,106214
2024/03/15,2666.84,129179,880.46,96677
2024/03/18,2685.84,93537,894.48,90273
2024/03/19,2656.17,105589,891.91,96137
2024/03/20,2690.14,125922,891.45,96922
2024/03/21,2754.86,138072,904.29,106688
2024/03/22,2748.56,113860,903.98,99823
2024/03/25,2737.57,97805,913.69,93218
2024/03/26,2757.09,119317,916.09,134521
2024/03/27,2755.11,112992,911.25,126643
2024/03/28,2745.82,116671,910.05,123130
2024/03/29,2746.63,110351,905.5,116755
2024/04/01,2747.86,99487,912.45,100504
2024/04/02,2753.16,129184,891.59,123489
2024/04/03,2706.97,127400,879.96,122698
2024/04/04,2742,116358,882.9,115022
2024/04/05,2714.21,111639,872.29,112984
2024/04/08,2717.65,103584,860.57,104856
2024/04/09,2705.16,94781,859.33,90189
2024/04/11,2706.96,124857,858.1,66613
2024/04/12,2681.82,117201,860.47,81720
2024/04/15,2670.43,103122,852.42,81749
2024/04/16,2609.63,119792,832.81,84231
2024/04/17,2584.18,95141,833.03,79586
2024/04/18,2634.7,102726,855.65,77741
2024/04/19,2591.86,138569,841.91,90207
2024/04/22,2629.44,108585,845.82,80140
2024/04/23,2623.02,94306,845.44,73933
2024/04/24,2675.75,100638,862.23,79305
2024/04/25,2628.62,87271,853.26,80184
2024/04/26,2656.33,99346,856.82,80895
2024/04/29,2687.44,102309,869.72,75753
2024/04/30,2692.06,111019,868.93,80362
2024/05/02,2683.65,89027,867.48,79195
2024/05/03,2676.63,77173,865.59,86699
2024/05/07,2734.36,109409,871.26,80431
2024/05/08,2745.05,100887,872.42,84072
2024/05/09,2712.14,109108,870.15,97897
2024/05/10,2727.63,110726,864.16,96924
2024/05/13,2727.21,129007,854.43,85866
2024/05/14,2730.34,92932,862.15,96062
2024/05/16,2753,129504,870.37,98702
2024/05/17,2724.62,102890,855.06,92473
2024/05/20,2742.14,121099,847.08,83451
2024/05/21,2724.18,100227,846.51,95689
2024/05/22,2723.46,121576,845.72,90343
2024/05/23,2721.81,112813,846.58,106841
2024/05/24,2687.6,120167,839.41,91355
2024/05/27,2722.99,156608,847.99,93404
2024/05/28,2722.85,115870,851.01,99606
2024/05/29,2677.3,127826,838.45,107670
2024/05/30,2635.44,109194,831.99,84970
2024/05/31,2636.52,154522,839.98,100078
2024/06/03,2682.52,138086,844.72,81920
2024/06/04,2662.1,123556,845.84,92368
2024/06/05,2689.5,134316,850.75,88880
2024/06/07,2722.67,122111,866.18,94378
2024/06/10,2701.17,111633,864.71,89732
2024/06/11,2705.32,115551,868.36,105314
2024/06/12,2728.17,115176,870.67,100691
2024/06/13,2754.89,188573,871.33,104632
2024/06/14,2758.42,157253,862.19,97270
2024/06/17,2744.1,122092,858.96,85025
2024/06/18,2763.92,130475,858.95,86550
2024/06/19,2797.33,138594,861.17,104509
2024/06/20,2807.63,132808,857.51,70036
2024/06/21,2784.26,141202,852.67,87514
2024/06/24,2764.73,107599,841.52,79551
2024/06/25,2774.39,114367,841.99,73396
2024/06/26,2792.05,110225,842.12,76173
2024/06/27,2784.06,100903,838.65,79373
2024/06/28,2797.82,108045,840.44,73215
2024/07/01,2804.31,98193,847.15,69296
2024/07/02,2780.86,115076,829.91,81075
2024/07/03,2794.01,100887,836.1,95300
2024/07/04,2824.94,128472,840.81,93546
2024/07/05,2862.23,129404,847.49,93845
2024/07/08,2857.76,97906,859.27,81797
2024/07/09,2867.38,108216,860.42,84842
2024/07/10,2867.99,112735,858.55,85652
2024/07/11,2891.35,144200,852.42,81695
2024/07/12,2857,137843,850.37,72355
2024/07/15,2860.92,120259,852.88,64866
2024/07/16,2866.09,124305,839.61,74295
2024/07/17,2843.29,136240,829.41,75501
2024/07/18,2824.35,150865,822.48,69630
2024/07/19,2795.46,93697,828.72,68295
2024/07/22,2763.51,102910,809.96,66722
2024/07/23,2774.29,113458,812.12,73373
2024/07/24,2758.71,108669,814.25,65927
2024/07/25,2710.65,134365,797.29,72794
2024/07/26,2731.9,127576,797.56,56333
2024/07/29,2765.53,107814,807.99,53692
2024/07/30,2738.19,98738,803.78,62624
2024/07/31,2770.69,118390,803.15,67213
2024/08/01,2777.68,106227,813.53,60808
2024/08/02,2676.19,128670,779.33,65465
2024/08/05,2441.55,183956,691.28,90662
2024/08/06,2522.15,152325,732.87,83820
2024/08/07,2568.41,129168,748.54,73344
2024/08/08,2556.73,112318,745.28,71700
2024/08/09,2588.43,94625,764.43,73928
2024/08/12,2618.3,74210,772.72,68503
2024/08/13,2621.5,88096,764.86,76620
2024/08/14,2644.5,86417,776.83,76915
2024/08/16,2697.23,108206,786.33,80004
2024/08/19,2674.36,90667,777.47,76530
2024/08/20,2696.63,86992,787.44,79906
2024/08/21,2701.13,91893,779.87,83706
2024/08/22,2707.67,88323,773.47,92168
2024/08/23,2701.69,81055,773.26,79462
2024/08/26,2698.01,89732,766.79,66321
2024/08/27,2689.25,79511,764.95,67956
2024/08/28,2689.83,104033,762.5,70211
2024/08/29,2662.28,112966,756.04,73351
2024/08/30,2674.31,97111,767.66,74018
2024/09/02,2681,85503,769.21,71783
2024/09/03,2664.63,87995,760.37,68317
2024/09/04,2580.8,111701,731.75,69412
2024/09/05,2575.5,100073,725.28,70476
2024/09/06,2544.28,85175,706.59,62322
2024/09/09,2535.93,72959,714.46,53743
2024/09/10,2523.43,82525,706.2,58125
2024/09/11,2513.37,94036,709.42,64112
2024/09/12,2572.09,110371,731.03,62242
2024/09/13,2575.41,82542,733.2,52419
2024/09/19,2580.8,126033,739.51,58528
2024/09/20,2593.37,137823,748.33,66420
2024/09/23,2602.01,93171,755.12,59781
2024/09/24,2631.68,101053,767.35,63329
2024/09/25,2596.32,114042,759.3,68189
2024/09/26,2671.57,113749,779.18,68749
2024/09/27,2649.78,116029,774.49,59701
2024/09/30,2593.27,104701,763.88,61266
2024/10/02,2561.69,93802,762.13,54992
2024/10/04,2569.71,96309,768.98,54271
2024/10/07,2610.38,102240,781.01,54915
2024/10/08,2594.36,89869,778.24,67525
2024/10/10,2599.16,134811,775.48,57588
2024/10/11,2596.91,92640,770.98,66555
2024/10/14,2623.29,83101,770.26,58340
2024/10/15,2633.45,97251,773.81,70262
2024/10/16,2610.36,98135,765.79,69984
2024/10/17,2609.3,97417,765.06,62980
2024/10/18,2593.82,80978,753.22,73449
2024/10/21,2604.92,76100,759.95,62765
2024/10/22,2570.7,87538,738.34,74583
2024/10/23,2599.62,92495,745.19,67633
2024/10/24,2581.03,94726,734.59,57379
2024/10/25,2583.27,101413,727.41,55518
2024/10/28,2612.43,89654,740.48,49845
2024/10/29,2617.8,90911,744.18,52162